{"type":"FeatureCollection", "features": [
{"type":"Feature","geometry":{"type":"Polygon","coordinates":[[[-48.25789119999996,-18.916079599999932],[-48.25847539999995,-18.91590679999996],[-48.259071699999936,-18.915764099999933],[-48.25990929999995,-18.916867899999943],[-48.26101539999996,-18.91833369999995],[-48.262079599999936,-18.919802499999946],[-48.26233659999997,-18.92026119999997],[-48.26248099999998,-18.920659599999965],[-48.262674699999934,-18.92116889999994],[-48.26246329999998,-18.92104859999995],[-48.260039699999936,-18.92053629999998],[-48.25896919999997,-18.920317299999965],[-48.258331699999985,-18.920179599999926],[-48.25758849999994,-18.920019099999934],[-48.25643699999995,-18.919770399999948],[-48.255729299999985,-18.91961759999998],[-48.25451949999996,-18.919356299999947],[-48.254449799999975,-18.919259499999953],[-48.25435729999998,-18.918935499999975],[-48.25385309999996,-18.91714829999995],[-48.25521059999994,-18.916788999999937],[-48.25655039999998,-18.916434399999957],[-48.25789119999996,-18.916079599999932]]]},"properties":{"CD_SETOR":"317020605000274","UsoSolo":"Universitário"}},
{"type":"Feature","geometry":{"type":"Polygon","coordinates":[[[-48.19215749999995,-18.910678399999938],[-48.192020799999966,-18.91065679999997],[-48.19198129999995,-18.910650499999974],[-48.18882129999997,-18.908672199999955],[-48.18827659999994,-18.90834179999996],[-48.18730889999995,-18.90775469999994],[-48.186371399999985,-18.907178399999964],[-48.184425199999964,-18.905989999999974],[-48.182651299999975,-18.905775499999947],[-48.183849099999975,-18.90475859999998],[-48.18520499999994,-18.90402389999997],[-48.187712199999964,-18.90260049999995],[-48.18930659999995,-18.905497799999978],[-48.192092799999955,-18.91056089999995],[-48.19215749999995,-18.910678399999938]]]},"properties":{"CD_SETOR":"317020605000432","UsoSolo":"Vazios urbanos ou outros usos"}},
{"type":"Feature","geometry":{"type":"Polygon","coordinates":[[[-48.30120499999998,-18.85796069999998],[-48.301341899999954,-18.857997099999977],[-48.30127059999995,-18.85744049999994],[-48.30132999999995,-18.857226799999978],[-48.30144889999997,-18.85712559999996],[-48.30136569999996,-18.856731899999943],[-48.301318099999946,-18.856428299999948],[-48.301543899999956,-18.855865999999935],[-48.30174599999998,-18.85529239999994],[-48.301698399999964,-18.854662599999926],[-48.30185289999997,-18.853987899999936],[-48.30213809999998,-18.85325119999993],[-48.30212629999994,-18.852857599999936],[-48.30244709999994,-18.852149099999963],[-48.30314099999998,-18.851462599999934],[-48.30323149999998,-18.851373099999932],[-48.304146499999945,-18.849939099999972],[-48.30441989999997,-18.849792899999954],[-48.30455059999997,-18.84966359999993],[-48.30683529999993,-18.846248599999967],[-48.30840489999997,-18.84716609999998],[-48.31401669999997,-18.850523899999928],[-48.33993379999998,-18.871701299999927],[-48.340526799999964,-18.873222899999973],[-48.341431599999964,-18.87429869999994],[-48.34164569999996,-18.874482799999953],[-48.341480399999966,-18.875090299999954],[-48.34062469999998,-18.876147299999957],[-48.33965019999994,-18.87727179999996],[-48.33905599999997,-18.877541699999938],[-48.33801029999995,-18.877451699999938],[-48.33698819999995,-18.877609099999972],[-48.33527689999994,-18.878081399999928],[-48.333518099999935,-18.878643599999975],[-48.33261489999995,-18.87922839999993],[-48.33234559999994,-18.879713699999968],[-48.33219859999997,-18.87967249999997],[-48.331931199999985,-18.87967249999997],[-48.33168759999995,-18.87975119999993],[-48.33151529999998,-18.87979619999993],[-48.33123009999997,-18.87976249999997],[-48.33075469999994,-18.87979059999998],[-48.33022589999996,-18.87974559999998],[-48.329726799999946,-18.87968939999996],[-48.32936429999995,-18.879520699999944],[-48.32897809999997,-18.879312699999957],[-48.32859179999997,-18.87926209999995],[-48.32822939999994,-18.879200199999957],[-48.32811049999998,-18.87904279999998],[-48.327967899999976,-18.878458099999932],[-48.32780749999995,-18.87785089999994],[-48.32756389999997,-18.877384199999938],[-48.32739159999994,-18.877260499999977],[-48.326957799999946,-18.876731999999947],[-48.32639329999995,-18.876459299999965],[-48.326381399999946,-18.87625689999993],[-48.326119999999946,-18.875908299999935],[-48.325995199999966,-18.87557099999998],[-48.325549499999966,-18.875121199999967],[-48.32478899999995,-18.87456459999993],[-48.32365409999994,-18.87378309999997],[-48.32221019999997,-18.87300709999994],[-48.320225499999935,-18.87166339999993],[-48.31878759999995,-18.870791899999972],[-48.318127999999945,-18.870308299999976],[-48.31772399999994,-18.870280199999968],[-48.31676729999998,-18.87007219999998],[-48.316107699999975,-18.86986969999998],[-48.31528179999998,-18.869745999999964],[-48.31466979999993,-18.86944239999997],[-48.31428949999997,-18.869186599999978],[-48.31386169999996,-18.868984199999943],[-48.313332799999955,-18.868837999999982],[-48.31292279999997,-18.86900099999997],[-48.312809899999934,-18.868894199999943],[-48.31266139999997,-18.868894199999943],[-48.31252469999998,-18.868747999999982],[-48.312417799999935,-18.868714299999965],[-48.31228109999995,-18.86846689999993],[-48.31212069999998,-18.86835439999993],[-48.31211469999994,-18.86832629999998],[-48.312168199999974,-18.868241999999952],[-48.312174099999936,-18.868146399999944],[-48.31207909999995,-18.868140799999935],[-48.311972099999934,-18.868168899999944],[-48.31185919999996,-18.868185799999935],[-48.31178199999994,-18.868174499999952],[-48.31165129999994,-18.868084499999952],[-48.311621499999944,-18.868000199999926],[-48.31172259999994,-18.867921499999966],[-48.311532399999976,-18.86782029999995],[-48.31144329999995,-18.867808999999966],[-48.31134819999994,-18.867825899999957],[-48.311264999999935,-18.86784279999995],[-48.31121749999994,-18.867786499999966],[-48.31118779999997,-18.86772469999994],[-48.311140199999954,-18.86765159999993],[-48.31107489999994,-18.86761789999997],[-48.31099169999993,-18.86762349999998],[-48.31078969999993,-18.86767969999994],[-48.310730199999966,-18.86764599999998],[-48.31056389999998,-18.86765719999994],[-48.31048659999993,-18.867589799999962],[-48.310427199999936,-18.86751099999998],[-48.31037969999994,-18.867466099999945],[-48.31023709999994,-18.867466099999945],[-48.310171699999955,-18.86746039999997],[-48.30993999999998,-18.86722709999998],[-48.309874599999944,-18.86721579999994],[-48.30977359999997,-18.86721579999994],[-48.309696299999985,-18.86722709999998],[-48.30965469999995,-18.86716519999993],[-48.30966069999994,-18.86706399999997],[-48.309690399999965,-18.866985299999953],[-48.30966659999996,-18.866912199999945],[-48.30955369999998,-18.866889699999945],[-48.30947649999996,-18.866833499999927],[-48.309333899999956,-18.866794099999936],[-48.309232899999984,-18.866720999999927],[-48.30909619999994,-18.86654109999995],[-48.30895949999996,-18.866417399999932],[-48.30873969999993,-18.866327399999932],[-48.30847819999997,-18.86631619999997],[-48.308103899999935,-18.86629369999997],[-48.30799099999996,-18.866282499999954],[-48.307889999999986,-18.866214999999954],[-48.30774739999998,-18.866124999999954],[-48.30755719999996,-18.866023799999937],[-48.30724819999995,-18.865849499999968],[-48.30716509999996,-18.86581579999995],[-48.30711749999995,-18.865826999999967],[-48.30708779999998,-18.86575389999996],[-48.307016499999975,-18.86567519999994],[-48.30695709999998,-18.86560769999994],[-48.30658869999996,-18.865410899999972],[-48.30652329999998,-18.865416599999946],[-48.30648169999995,-18.865444699999955],[-48.306440099999975,-18.865444699999955],[-48.30637479999996,-18.865399699999955],[-48.30629159999995,-18.865298499999938],[-48.306137099999944,-18.865163499999937],[-48.305857799999956,-18.86506789999993],[-48.305340899999976,-18.86478119999998],[-48.30510909999998,-18.864516899999956],[-48.304627799999935,-18.86420769999995],[-48.304081199999985,-18.863898399999982],[-48.30390289999997,-18.863932099999943],[-48.30367119999994,-18.863864699999965],[-48.30358199999995,-18.863802799999974],[-48.30355229999998,-18.863718499999948],[-48.30348699999996,-18.86357789999994],[-48.30328489999994,-18.86343169999998],[-48.303011599999934,-18.863234899999952],[-48.30233419999996,-18.86283009999994],[-48.301995499999975,-18.86253769999996],[-48.301341899999954,-18.862144099999966],[-48.30110419999994,-18.861935999999957],[-48.300955699999975,-18.861446799999953],[-48.30081899999993,-18.860876099999928],[-48.30074179999997,-18.860707399999967],[-48.30068829999993,-18.86052189999998],[-48.30072389999998,-18.860358799999972],[-48.30084279999994,-18.859998899999937],[-48.30111019999998,-18.859487199999933],[-48.30119929999995,-18.85920049999993],[-48.301288399999976,-18.85895299999993],[-48.30135379999996,-18.858638199999973],[-48.30125869999995,-18.858199599999978],[-48.30120499999998,-18.85796069999998]]]},"properties":{"CD_SETOR":"317020605000442","UsoSolo":"Indústria"}},
{"type":"Feature","geometry":{"type":"Polygon","coordinates":[[[-48.22103459999994,-18.854318899999953],[-48.24037629999998,-18.853756199999964],[-48.24217089999996,-18.853949099999966],[-48.24337889999998,-18.854170799999963],[-48.24480809999994,-18.854433099999937],[-48.24639879999995,-18.854949399999953],[-48.24844029999997,-18.855879699999946],[-48.24788719999998,-18.856276399999956],[-48.247388599999965,-18.856728199999964],[-48.24699069999997,-18.857152199999973],[-48.246401299999945,-18.857988199999966],[-48.24610379999996,-18.858622899999943],[-48.24579649999998,-18.859572999999955],[-48.245707599999946,-18.860980599999948],[-48.245784399999934,-18.86179089999996],[-48.246079899999984,-18.86280679999993],[-48.24650029999998,-18.863583999999946],[-48.24719709999994,-18.864525499999957],[-48.249551699999984,-18.866930999999965],[-48.249258199999986,-18.86706479999998],[-48.248828799999956,-18.867344599999967],[-48.24811719999997,-18.868181299999947],[-48.24778629999997,-18.86816579999993],[-48.24559379999994,-18.87096749999995],[-48.24559979999998,-18.871152699999982],[-48.246752999999956,-18.874468999999976],[-48.24464829999994,-18.87513219999994],[-48.24432079999997,-18.87411149999997],[-48.24420689999994,-18.873938099999975],[-48.24378459999997,-18.873717099999965],[-48.243533699999944,-18.873486199999945],[-48.24182989999997,-18.870495499999947],[-48.24162649999994,-18.87047289999998],[-48.24124669999998,-18.870458199999973],[-48.240945599999975,-18.870326099999943],[-48.240675099999976,-18.870080299999927],[-48.24055819999995,-18.86992299999997],[-48.23948679999995,-18.87031319999994],[-48.23946259999997,-18.870194699999956],[-48.239418599999965,-18.869881299999975],[-48.23943319999995,-18.869474899999943],[-48.23959479999996,-18.867834399999936],[-48.23774869999994,-18.865787499999954],[-48.237479399999984,-18.86569929999996],[-48.23729819999994,-18.86546919999995],[-48.23726879999998,-18.86542019999996],[-48.23726389999996,-18.865052899999966],[-48.23737159999996,-18.86446529999995],[-48.23709739999998,-18.86446529999995],[-48.23506029999999,-18.865023599999972],[-48.23633069999994,-18.868835199999978],[-48.235882799999956,-18.868698499999937],[-48.23396679999996,-18.86811359999996],[-48.23392119999994,-18.86809969999996],[-48.23379219999998,-18.868060299999968],[-48.23375139999996,-18.867938099999947],[-48.233321899999964,-18.86776219999996],[-48.23293719999998,-18.86759429999995],[-48.232226999999966,-18.867024899999933],[-48.23178509999997,-18.866585399999963],[-48.23145839999995,-18.866210299999977],[-48.23145409999995,-18.866205199999968],[-48.23023529999995,-18.864757399999974],[-48.22932509999998,-18.862730299999953],[-48.224000599999954,-18.863241399999936],[-48.223898099999985,-18.863274299999944],[-48.22380889999994,-18.862995099999978],[-48.223485799999935,-18.861955399999943],[-48.22348089999997,-18.86193979999996],[-48.22103459999994,-18.854318899999953]]]},"properties":{"CD_SETOR":"317020605000443","UsoSolo":"Vazios urbanos ou outros usos"}},
{"type":"Feature","geometry":{"type":"Polygon","coordinates":[[[-48.23200819999994,-18.905006499999956],[-48.23566809999994,-18.90284669999994],[-48.23587969999994,-18.903349399999968],[-48.23651609999996,-18.904861899999958],[-48.23951919999996,-18.90692219999994],[-48.24115479999995,-18.907816099999934],[-48.24258329999998,-18.90821589999996],[-48.242760199999964,-18.90821159999996],[-48.242922599999986,-18.90815109999994],[-48.24333879999995,-18.907677999999976],[-48.245033999999976,-18.907713899999976],[-48.246056299999964,-18.90771589999997],[-48.24601209999997,-18.908746599999972],[-48.245961799999975,-18.909336199999927],[-48.24585239999993,-18.90936679999993],[-48.245790699999986,-18.909405599999957],[-48.24572139999998,-18.90948519999995],[-48.245694399999934,-18.909580799999958],[-48.24542229999997,-18.90956699999998],[-48.24502439999998,-18.909665899999936],[-48.244665699999985,-18.90975789999993],[-48.24437789999996,-18.909924099999955],[-48.24401719999997,-18.910138399999937],[-48.24393599999996,-18.910276799999963],[-48.24371809999997,-18.910622799999942],[-48.24335879999995,-18.91104749999994],[-48.24303649999996,-18.911321199999975],[-48.24275579999994,-18.91150659999994],[-48.23899119999993,-18.91342309999993],[-48.23696289999998,-18.914461899999935],[-48.23588049999995,-18.914936199999943],[-48.235483199999976,-18.91511049999997],[-48.235296699999935,-18.915163199999938],[-48.235122399999966,-18.91519969999996],[-48.23459139999994,-18.91507809999996],[-48.23422249999993,-18.91501729999993],[-48.23374409999997,-18.914944299999945],[-48.233529199999964,-18.914899699999978],[-48.23313479999996,-18.914940099999967],[-48.232838699999945,-18.914920999999936],[-48.23235519999997,-18.91474889999995],[-48.23206719999996,-18.914555899999982],[-48.231655699999976,-18.914331999999945],[-48.23115649999994,-18.914207499999975],[-48.22966289999994,-18.913835699999936],[-48.22650059999995,-18.91304969999993],[-48.22355969999995,-18.912427299999933],[-48.22300939999997,-18.912356199999977],[-48.22256969999995,-18.912198799999942],[-48.22220129999994,-18.91186149999993],[-48.221999299999936,-18.911524199999974],[-48.22185669999993,-18.911265699999944],[-48.221727999999985,-18.911073099999953],[-48.23200819999994,-18.905006499999956]]]},"properties":{"CD_SETOR":"317020605000447","UsoSolo":"Área verde"}},
{"type":"Feature","geometry":{"type":"Polygon","coordinates":[[[-48.19788319999998,-18.92065649999995],[-48.19712389999995,-18.92108769999993],[-48.198116899999945,-18.922598999999934],[-48.19861039999995,-18.92333969999993],[-48.199109599999986,-18.924128499999938],[-48.199220099999934,-18.924303099999975],[-48.19928649999997,-18.92440789999995],[-48.19931779999996,-18.92445749999996],[-48.197488299999975,-18.925562999999954],[-48.19269779999996,-18.928457999999978],[-48.19035469999994,-18.926669799999956],[-48.19038729999994,-18.926651499999934],[-48.19050779999998,-18.926583799999946],[-48.191950299999974,-18.925725299999954],[-48.192088499999954,-18.925730899999962],[-48.19272909999995,-18.925495499999954],[-48.193691299999955,-18.924827599999958],[-48.192755499999976,-18.924145599999974],[-48.194620499999985,-18.923051199999975],[-48.194497799999965,-18.922879099999932],[-48.19446259999995,-18.922829699999966],[-48.19422719999994,-18.922370599999965],[-48.19443339999998,-18.922163199999943],[-48.194830399999944,-18.921675499999935],[-48.194834999999955,-18.92166979999996],[-48.19582349999996,-18.920447499999966],[-48.197060799999974,-18.91895999999997],[-48.197847199999956,-18.920389799999953],[-48.197871299999974,-18.92052549999994],[-48.19788319999998,-18.92065649999995]]]},"properties":{"CD_SETOR":"317020605000484","UsoSolo":"Vazios urbanos ou outros usos"}},
{"type":"Feature","geometry":{"type":"Polygon","coordinates":[[[-48.223485799999935,-18.861955399999943],[-48.22135289999994,-18.862490999999977],[-48.22125379999994,-18.86237529999994],[-48.22119599999996,-18.86232609999996],[-48.22111819999998,-18.86228099999994],[-48.219510199999945,-18.861391499999968],[-48.219110299999954,-18.861202799999944],[-48.21779859999998,-18.86060139999995],[-48.21611489999998,-18.85993559999997],[-48.21509609999998,-18.860096299999952],[-48.21212039999995,-18.860526799999946],[-48.21198659999993,-18.860554499999978],[-48.211915499999975,-18.860612999999944],[-48.21184919999996,-18.860694399999943],[-48.209938499999964,-18.86353029999998],[-48.20987719999994,-18.863621199999955],[-48.20941959999993,-18.863182999999935],[-48.208960899999965,-18.862675899999942],[-48.208809299999984,-18.86241199999995],[-48.20844749999998,-18.861781699999938],[-48.208300099999974,-18.86134519999996],[-48.20807909999996,-18.86069079999993],[-48.20808139999997,-18.86021809999994],[-48.20805799999994,-18.859576499999946],[-48.20815939999994,-18.858638999999982],[-48.20835569999997,-18.85792269999996],[-48.208726199999944,-18.857145599999967],[-48.20938279999996,-18.85623819999995],[-48.210275999999965,-18.855506699999978],[-48.21115039999995,-18.85501439999996],[-48.21194369999995,-18.854745999999977],[-48.213024099999984,-18.854538299999945],[-48.21536099999997,-18.854415999999958],[-48.22103459999994,-18.854318899999953],[-48.22348089999997,-18.86193979999996],[-48.223485799999935,-18.861955399999943]]]},"properties":{"CD_SETOR":"317020605000500","UsoSolo":"Vazios urbanos ou outros usos"}},
{"type":"Feature","geometry":{"type":"Polygon","coordinates":[[[-48.20478019999996,-18.91266429999996],[-48.20603909999994,-18.911918199999946],[-48.207140599999946,-18.913569699999982],[-48.20585339999997,-18.914300699999956],[-48.20553189999998,-18.91381329999996],[-48.205235399999935,-18.913363699999934],[-48.20478019999996,-18.91266429999996]]]},"properties":{"CD_SETOR":"317020605000504","UsoSolo":"Presídio"}},
{"type":"Feature","geometry":{"type":"Polygon","coordinates":[[[-48.187712199999964,-18.90260049999995],[-48.18966819999997,-18.901584999999955],[-48.19066429999998,-18.90079359999993],[-48.19148499999994,-18.89982759999998],[-48.192276299999946,-18.898552499999937],[-48.19268729999993,-18.89727229999994],[-48.194890999999984,-18.891034399999967],[-48.195537599999966,-18.889412499999935],[-48.196231299999965,-18.888334499999928],[-48.19725619999997,-18.887094099999956],[-48.19868719999994,-18.88573249999996],[-48.20008349999995,-18.884814199999937],[-48.20149969999994,-18.88411489999993],[-48.20390949999995,-18.883404199999973],[-48.20499139999998,-18.88297609999995],[-48.205703899999946,-18.882572599999946],[-48.20601579999993,-18.882321699999977],[-48.20645659999997,-18.882805099999928],[-48.20702399999993,-18.882764099999974],[-48.20707199999998,-18.882842099999948],[-48.20807769999993,-18.88447739999998],[-48.20811039999995,-18.884530599999948],[-48.208924699999955,-18.884628799999973],[-48.20893849999993,-18.88466449999993],[-48.210286199999985,-18.888152899999966],[-48.20715999999993,-18.888356899999962],[-48.20710219999995,-18.888360699999964],[-48.20743649999997,-18.888844199999937],[-48.20737719999994,-18.888880899999947],[-48.20657529999994,-18.889375899999948],[-48.207452899999964,-18.89071629999995],[-48.20666109999996,-18.891212699999983],[-48.20702469999998,-18.892002399999967],[-48.20626999999996,-18.89262969999993],[-48.20920819999998,-18.89686269999993],[-48.21004709999994,-18.896429999999953],[-48.21051649999998,-18.89728269999995],[-48.212805999999944,-18.901317699999936],[-48.21308309999995,-18.90379459999997],[-48.208022599999936,-18.905062399999963],[-48.20737379999997,-18.90511189999995],[-48.206647299999986,-18.904999199999963],[-48.20221449999997,-18.904586499999937],[-48.20268729999998,-18.907608799999934],[-48.200622099999975,-18.907796899999937],[-48.20051319999993,-18.90782409999997],[-48.20036689999995,-18.907829299999946],[-48.199622999999974,-18.90761649999996],[-48.19962309999994,-18.90758059999996],[-48.19778139999994,-18.907072699999958],[-48.197740099999976,-18.90705669999994],[-48.19498869999995,-18.905995899999937],[-48.19104559999994,-18.904342699999972],[-48.189754799999946,-18.905700799999977],[-48.189916799999935,-18.90580209999996],[-48.189981999999986,-18.90584279999996],[-48.19147349999997,-18.906775399999958],[-48.193696099999954,-18.908165199999928],[-48.19599789999995,-18.90954299999993],[-48.194258099999956,-18.91187979999995],[-48.19424529999998,-18.911896999999954],[-48.19317369999993,-18.91117959999997],[-48.192436199999975,-18.91078289999996],[-48.19239479999993,-18.91076739999994],[-48.19236189999998,-18.91075509999996],[-48.19225559999995,-18.91071519999997],[-48.19215749999995,-18.910678399999938],[-48.192092799999955,-18.91056089999995],[-48.18930659999995,-18.905497799999978],[-48.187712199999964,-18.90260049999995]]]},"properties":{"CD_SETOR":"317020605000636","UsoSolo":"Residencial"}},
{"type":"Feature","geometry":{"type":"Polygon","coordinates":[[[-48.25939759999994,-18.951703899999927],[-48.259613599999966,-18.95182129999995],[-48.263345699999945,-18.95393299999995],[-48.26493819999996,-18.95411839999997],[-48.265211499999964,-18.95363509999993],[-48.26552049999998,-18.952595499999973],[-48.26477159999996,-18.952087199999937],[-48.26493229999994,-18.951860099999976],[-48.26544779999995,-18.951575799999944],[-48.26608109999995,-18.952570799999933],[-48.26617769999996,-18.95272989999995],[-48.26625729999995,-18.952709999999968],[-48.26635109999995,-18.952724299999943],[-48.26641929999994,-18.952755499999967],[-48.26646479999994,-18.95280379999997],[-48.26648179999995,-18.952883399999962],[-48.26647899999995,-18.952954399999953],[-48.26646479999994,-18.953056799999956],[-48.26659409999996,-18.953205999999966],[-48.26676399999997,-18.953290899999956],[-48.26685549999996,-18.953336699999966],[-48.267264799999964,-18.95345039999995],[-48.267759199999944,-18.95355829999994],[-48.268227199999956,-18.953650899999957],[-48.26824799999997,-18.95365499999997],[-48.26865159999994,-18.953626499999928],[-48.26903809999993,-18.953495799999928],[-48.26950409999995,-18.95316619999994],[-48.269987199999946,-18.952796699999965],[-48.27040219999998,-18.952586399999973],[-48.27044349999994,-18.95256779999994],[-48.27044189999998,-18.952685299999928],[-48.27041719999994,-18.95452729999994],[-48.27164719999996,-18.95392039999996],[-48.272875699999986,-18.95313639999995],[-48.27356709999998,-18.95305579999996],[-48.27374019999996,-18.953035599999964],[-48.27374109999994,-18.953083499999934],[-48.27364609999995,-18.95401929999997],[-48.27358909999998,-18.95448229999994],[-48.273653699999954,-18.955635899999947],[-48.273509099999956,-18.95563429999993],[-48.272753199999954,-18.95562629999995],[-48.270376099999964,-18.955588999999975],[-48.27029719999996,-18.955599699999937],[-48.27022959999994,-18.955604999999935],[-48.270190199999945,-18.95562629999995],[-48.27015079999995,-18.955658299999982],[-48.27011699999997,-18.955690199999935],[-48.27005499999996,-18.955706199999952],[-48.26997609999995,-18.95571689999997],[-48.26775109999994,-18.955687599999976],[-48.26860519999997,-18.958656299999973],[-48.268821499999945,-18.959442999999965],[-48.26889709999995,-18.959676499999944],[-48.26737689999993,-18.959679799999947],[-48.267229999999984,-18.959713999999963],[-48.267218199999945,-18.959716799999967],[-48.26189359999995,-18.95915139999994],[-48.261348099999964,-18.959336399999927],[-48.25862779999994,-18.95961319999998],[-48.25853259999997,-18.959735699999953],[-48.25839509999997,-18.95988269999998],[-48.25749089999994,-18.96470549999998],[-48.25750399999998,-18.965188499999954],[-48.25750409999995,-18.965191299999958],[-48.25752279999995,-18.965566899999942],[-48.257338199999936,-18.966575099999943],[-48.25728699999996,-18.96741449999996],[-48.25735369999995,-18.96854579999996],[-48.25758089999994,-18.969564999999932],[-48.25796859999997,-18.97046819999997],[-48.25891199999995,-18.972089299999936],[-48.253908699999954,-18.974223999999936],[-48.25164069999994,-18.97518629999996],[-48.25061619999997,-18.975485799999944],[-48.24971569999997,-18.975667099999953],[-48.248721699999976,-18.975740799999983],[-48.248668399999985,-18.975450099999932],[-48.24924189999996,-18.972474899999952],[-48.249761399999954,-18.969254499999977],[-48.25014909999993,-18.96688419999998],[-48.25020059999997,-18.96661629999994],[-48.25031629999995,-18.966014599999937],[-48.25042319999994,-18.965458699999942],[-48.250531699999954,-18.96489429999997],[-48.25069359999998,-18.96405199999998],[-48.254271899999935,-18.964647199999945],[-48.25511209999996,-18.96000799999996],[-48.251363699999956,-18.960414299999968],[-48.25220009999998,-18.956215399999962],[-48.25204499999995,-18.95613629999997],[-48.252009699999974,-18.95611279999997],[-48.251937099999964,-18.95600109999998],[-48.251914399999976,-18.955908999999963],[-48.25192279999993,-18.955810799999938],[-48.25195889999998,-18.95569389999997],[-48.25208249999997,-18.95557839999998],[-48.25224009999994,-18.955519399999957],[-48.25237439999995,-18.955524999999966],[-48.252520499999946,-18.955604999999935],[-48.25262159999994,-18.955736999999942],[-48.252655699999934,-18.955881699999964],[-48.258829299999945,-18.951953799999956],[-48.25926479999998,-18.951754299999948],[-48.25939759999994,-18.951703899999927]]]},"properties":{"CD_SETOR":"317020605000649","UsoSolo":"Vazios urbanos ou outros usos"}},
{"type":"Feature","geometry":{"type":"Polygon","coordinates":[[[-48.25759919999996,-18.88203379999993],[-48.259410799999955,-18.880822499999965],[-48.259906299999955,-18.881487299999947],[-48.26083849999998,-18.88086329999993],[-48.26135499999998,-18.88155699999993],[-48.26042359999997,-18.88218139999998],[-48.261948099999984,-18.884225899999933],[-48.259263499999975,-18.88601579999994],[-48.257223099999976,-18.88327229999993],[-48.258087699999976,-18.882691699999953],[-48.25759919999996,-18.88203379999993]]]},"properties":{"CD_SETOR":"317020605000708","UsoSolo":"Universitário"}},
{"type":"Feature","geometry":{"type":"Polygon","coordinates":[[[-48.20068699999996,-18.915044299999977],[-48.201759299999935,-18.91444409999997],[-48.20222559999996,-18.91517099999993],[-48.202626399999986,-18.915749999999946],[-48.20255079999998,-18.915796399999977],[-48.201522299999965,-18.91642719999993],[-48.200706699999955,-18.915076899999974],[-48.20068699999996,-18.915044299999977]]]},"properties":{"CD_SETOR":"317020605000784","UsoSolo":"Sistema socioeducativo (SSP)"}},
{"type":"Feature","geometry":{"type":"Polygon","coordinates":[[[-48.294425399999966,-18.860512599999936],[-48.29439219999995,-18.86030029999995],[-48.29454029999994,-18.859897699999976],[-48.294754799999964,-18.859470099999953],[-48.29572079999997,-18.856501399999956],[-48.295860199999936,-18.856538499999942],[-48.30120499999998,-18.85796069999998],[-48.30125869999995,-18.858199599999978],[-48.30135379999996,-18.858638199999973],[-48.301288399999976,-18.85895299999993],[-48.30119929999995,-18.85920049999993],[-48.30111019999998,-18.859487199999933],[-48.30084279999994,-18.859998899999937],[-48.30072389999998,-18.860358799999972],[-48.30068829999993,-18.86052189999998],[-48.30074179999997,-18.860707399999967],[-48.30081899999993,-18.860876099999928],[-48.300955699999975,-18.861446799999953],[-48.30110419999994,-18.861935999999957],[-48.301341899999954,-18.862144099999966],[-48.301995499999975,-18.86253769999996],[-48.30233419999996,-18.86283009999994],[-48.303011599999934,-18.863234899999952],[-48.30328489999994,-18.86343169999998],[-48.30348699999996,-18.86357789999994],[-48.30355229999998,-18.863718499999948],[-48.30358199999995,-18.863802799999974],[-48.30367119999994,-18.863864699999965],[-48.30390289999997,-18.863932099999943],[-48.304081199999985,-18.863898399999982],[-48.304627799999935,-18.86420769999995],[-48.30510909999998,-18.864516899999956],[-48.305340899999976,-18.86478119999998],[-48.305857799999956,-18.86506789999993],[-48.306137099999944,-18.865163499999937],[-48.30629159999995,-18.865298499999938],[-48.30637479999996,-18.865399699999955],[-48.306440099999975,-18.865444699999955],[-48.30648169999995,-18.865444699999955],[-48.30652329999998,-18.865416599999946],[-48.30658869999996,-18.865410899999972],[-48.30695709999998,-18.86560769999994],[-48.307016499999975,-18.86567519999994],[-48.30708779999998,-18.86575389999996],[-48.30711749999995,-18.865826999999967],[-48.30716509999996,-18.86581579999995],[-48.30724819999995,-18.865849499999968],[-48.30755719999996,-18.866023799999937],[-48.30774739999998,-18.866124999999954],[-48.307889999999986,-18.866214999999954],[-48.30799099999996,-18.866282499999954],[-48.308103899999935,-18.86629369999997],[-48.30847819999997,-18.86631619999997],[-48.30873969999993,-18.866327399999932],[-48.30895949999996,-18.866417399999932],[-48.30909619999994,-18.86654109999995],[-48.309232899999984,-18.866720999999927],[-48.309333899999956,-18.866794099999936],[-48.30947649999996,-18.866833499999927],[-48.30955369999998,-18.866889699999945],[-48.30966659999996,-18.866912199999945],[-48.309690399999965,-18.866985299999953],[-48.30966069999994,-18.86706399999997],[-48.30965469999995,-18.86716519999993],[-48.309696299999985,-18.86722709999998],[-48.30977359999997,-18.86721579999994],[-48.309874599999944,-18.86721579999994],[-48.30993999999998,-18.86722709999998],[-48.310171699999955,-18.86746039999997],[-48.31023709999994,-18.867466099999945],[-48.31037969999994,-18.867466099999945],[-48.310427199999936,-18.86751099999998],[-48.31048659999993,-18.867589799999962],[-48.31056389999998,-18.86765719999994],[-48.310730199999966,-18.86764599999998],[-48.31078969999993,-18.86767969999994],[-48.31099169999993,-18.86762349999998],[-48.31107489999994,-18.86761789999997],[-48.311140199999954,-18.86765159999993],[-48.31118779999997,-18.86772469999994],[-48.31121749999994,-18.867786499999966],[-48.311264999999935,-18.86784279999995],[-48.31134819999994,-18.867825899999957],[-48.31144329999995,-18.867808999999966],[-48.311532399999976,-18.86782029999995],[-48.31172259999994,-18.867921499999966],[-48.311621499999944,-18.868000199999926],[-48.31165129999994,-18.868084499999952],[-48.31178199999994,-18.868174499999952],[-48.31185919999996,-18.868185799999935],[-48.311972099999934,-18.868168899999944],[-48.31207909999995,-18.868140799999935],[-48.312174099999936,-18.868146399999944],[-48.312168199999974,-18.868241999999952],[-48.31211469999994,-18.86832629999998],[-48.31212069999998,-18.86835439999993],[-48.31228109999995,-18.86846689999993],[-48.312417799999935,-18.868714299999965],[-48.31252469999998,-18.868747999999982],[-48.31266139999997,-18.868894199999943],[-48.312809899999934,-18.868894199999943],[-48.31292279999997,-18.86900099999997],[-48.313332799999955,-18.868837999999982],[-48.31386169999996,-18.868984199999943],[-48.31428949999997,-18.869186599999978],[-48.31466979999993,-18.86944239999997],[-48.31528179999998,-18.869745999999964],[-48.316107699999975,-18.86986969999998],[-48.31676729999998,-18.87007219999998],[-48.31772399999994,-18.870280199999968],[-48.318127999999945,-18.870308299999976],[-48.31878759999995,-18.870791899999972],[-48.320225499999935,-18.87166339999993],[-48.32221019999997,-18.87300709999994],[-48.32365409999994,-18.87378309999997],[-48.32478899999995,-18.87456459999993],[-48.325549499999966,-18.875121199999967],[-48.325995199999966,-18.87557099999998],[-48.326119999999946,-18.875908299999935],[-48.326381399999946,-18.87625689999993],[-48.32639329999995,-18.876459299999965],[-48.326957799999946,-18.876731999999947],[-48.32739159999994,-18.877260499999977],[-48.32756389999997,-18.877384199999938],[-48.32780749999995,-18.87785089999994],[-48.327967899999976,-18.878458099999932],[-48.32811049999998,-18.87904279999998],[-48.32822939999994,-18.879200199999957],[-48.32859179999997,-18.87926209999995],[-48.32897809999997,-18.879312699999957],[-48.32936429999995,-18.879520699999944],[-48.329726799999946,-18.87968939999996],[-48.33022589999996,-18.87974559999998],[-48.33075469999994,-18.87979059999998],[-48.33123009999997,-18.87976249999997],[-48.33151529999998,-18.87979619999993],[-48.33168759999995,-18.87975119999993],[-48.331931199999985,-18.87967249999997],[-48.33219859999997,-18.87967249999997],[-48.33234559999994,-18.879713699999968],[-48.33211579999994,-18.880127899999934],[-48.331973199999936,-18.88075759999998],[-48.33156279999997,-18.881669299999942],[-48.33123949999998,-18.88225989999995],[-48.330592199999955,-18.882911399999955],[-48.33036029999994,-18.883242699999983],[-48.330062099999964,-18.88340839999995],[-48.32963179999996,-18.88344569999998],[-48.32925409999996,-18.883540099999948],[-48.32821549999994,-18.88335129999996],[-48.32780629999996,-18.88313089999997],[-48.32736569999997,-18.88294209999998],[-48.32686209999997,-18.882532899999944],[-48.326326999999935,-18.882344099999955],[-48.32504159999996,-18.882813599999963],[-48.32450799999998,-18.883059899999978],[-48.32405639999996,-18.88334729999997],[-48.32297909999994,-18.883959299999958],[-48.322461299999986,-18.884492499999965],[-48.32166059999997,-18.88508429999996],[-48.32157349999994,-18.885571699999957],[-48.32164299999994,-18.886302299999954],[-48.32169539999995,-18.88689459999995],[-48.321730199999934,-18.887399399999936],[-48.32153869999996,-18.887869399999943],[-48.321487899999966,-18.88820009999995],[-48.321451699999955,-18.88860049999994],[-48.32152129999997,-18.889035699999965],[-48.32128229999995,-18.889542699999936],[-48.321016499999985,-18.889940799999977],[-48.32060869999998,-18.890188199999955],[-48.32039949999995,-18.89048939999998],[-48.32038279999995,-18.891158899999937],[-48.32026799999994,-18.89161189999993],[-48.320119499999976,-18.89173909999994],[-48.320046599999955,-18.89180159999995],[-48.32002129999995,-18.891808599999933],[-48.31777409999995,-18.88798769999994],[-48.316949799999975,-18.88624589999995],[-48.31538219999993,-18.88154529999997],[-48.315314099999966,-18.88134109999993],[-48.31529419999998,-18.881281499999943],[-48.31497079999997,-18.88031179999996],[-48.31453079999994,-18.879349599999955],[-48.31449049999998,-18.879261499999927],[-48.31441159999997,-18.87908909999993],[-48.31424329999993,-18.878721199999973],[-48.31275939999995,-18.875284299999976],[-48.312189699999976,-18.87405499999994],[-48.311901499999976,-18.87365029999995],[-48.31144029999996,-18.873094299999934],[-48.31093699999997,-18.872617399999967],[-48.31034239999997,-18.87217339999995],[-48.30496849999997,-18.868296099999952],[-48.303195399999936,-18.86703549999993],[-48.29875869999995,-18.863880999999935],[-48.29565089999994,-18.861647199999936],[-48.29530179999995,-18.861175799999955],[-48.295088799999974,-18.86098529999998],[-48.294425399999966,-18.860512599999936]]]},"properties":{"CD_SETOR":"317020605000957","UsoSolo":"Indústria"}},
{"type":"Feature","geometry":{"type":"Polygon","coordinates":[[[-48.28865559999997,-18.869250499999964],[-48.28886109999996,-18.869110999999975],[-48.289968399999964,-18.868388899999957],[-48.29013489999994,-18.868295199999977],[-48.290434199999936,-18.868202699999927],[-48.290495299999975,-18.868213199999957],[-48.29074239999994,-18.86825589999995],[-48.291002299999946,-18.868322499999977],[-48.29125299999998,-18.86849179999996],[-48.291362799999945,-18.868598899999938],[-48.29168149999998,-18.86890989999995],[-48.29261789999998,-18.86954099999997],[-48.29374309999997,-18.870009399999958],[-48.296002699999974,-18.87075249999998],[-48.29865129999996,-18.872652399999936],[-48.30456799999996,-18.87689649999993],[-48.309051299999965,-18.88012509999993],[-48.31093649999997,-18.881464799999947],[-48.31100509999993,-18.88131429999993],[-48.31116169999996,-18.881194299999947],[-48.31123069999995,-18.881199399999957],[-48.311353199999985,-18.881208499999957],[-48.31149659999994,-18.88130499999994],[-48.311540099999945,-18.881373199999928],[-48.314517499999965,-18.880452099999957],[-48.31465769999994,-18.880408699999975],[-48.314760399999955,-18.88037689999993],[-48.31497079999997,-18.88031179999996],[-48.31529419999998,-18.881281499999943],[-48.315314099999966,-18.88134109999993],[-48.31538219999993,-18.88154529999997],[-48.316949799999975,-18.88624589999995],[-48.31777409999995,-18.88798769999994],[-48.32002129999995,-18.891808599999933],[-48.319925499999954,-18.89183529999997],[-48.31967989999998,-18.891903599999978],[-48.31918609999997,-18.891987299999982],[-48.31872589999995,-18.891945499999963],[-48.31833089999998,-18.891701699999942],[-48.317897399999936,-18.891368099999966],[-48.31747739999997,-18.89125729999995],[-48.31719179999993,-18.891194799999937],[-48.31684299999995,-18.891133799999977],[-48.31643299999996,-18.891267699999958],[-48.31620699999996,-18.891493599999933],[-48.31623589999998,-18.89187469999996],[-48.316140099999984,-18.892338799999948],[-48.31596959999996,-18.892236399999945],[-48.31581159999996,-18.892187399999955],[-48.315596599999935,-18.892037699999946],[-48.31544539999993,-18.89192879999996],[-48.31533509999997,-18.891862699999933],[-48.31525099999993,-18.89180159999995],[-48.31502849999998,-18.89174479999997],[-48.31482079999995,-18.891646099999946],[-48.314715199999966,-18.89148599999993],[-48.31444039999997,-18.891441199999974],[-48.314238399999965,-18.891395199999977],[-48.31416569999993,-18.891286199999968],[-48.31401809999994,-18.89115449999997],[-48.313711599999976,-18.890941099999964],[-48.31367529999994,-18.89077759999998],[-48.31359349999997,-18.89067769999997],[-48.31311219999998,-18.89057319999995],[-48.31297139999998,-18.890518699999973],[-48.31262629999998,-18.89050969999994],[-48.31250049999994,-18.890461499999958],[-48.31234059999997,-18.89037929999995],[-48.312211899999966,-18.890306099999975],[-48.31197339999994,-18.890273899999954],[-48.311868499999946,-18.890160999999978],[-48.311699199999964,-18.890072199999963],[-48.31152979999996,-18.889991599999973],[-48.31141679999996,-18.889878599999975],[-48.31123939999998,-18.88980609999993],[-48.31090059999997,-18.88975769999996],[-48.31076349999995,-18.88969309999993],[-48.310577999999964,-18.889709299999936],[-48.31042469999994,-18.889660899999967],[-48.31024729999996,-18.889717299999973],[-48.310013399999946,-18.889572099999953],[-48.30978749999997,-18.889523699999927],[-48.309658499999955,-18.889418899999953],[-48.30956169999996,-18.889297899999974],[-48.30942459999994,-18.889209199999982],[-48.30914229999996,-18.88920109999998],[-48.30890029999995,-18.889160799999956],[-48.30876319999993,-18.88911239999993],[-48.308601899999985,-18.88911239999993],[-48.30844859999996,-18.889039799999978],[-48.308343699999966,-18.888870399999973],[-48.30817589999998,-18.888718799999936],[-48.308061399999985,-18.888596199999938],[-48.30799689999998,-18.88841069999995],[-48.30797269999994,-18.88820899999996],[-48.30789209999995,-18.88805579999996],[-48.30759359999996,-18.88776139999993],[-48.307464599999946,-18.887644399999942],[-48.30730319999998,-18.887547599999948],[-48.30709349999995,-18.887491099999977],[-48.306985699999984,-18.88733609999997],[-48.306787199999974,-18.887299999999982],[-48.30667859999994,-18.887280199999964],[-48.30656399999998,-18.887195899999938],[-48.30654039999996,-18.887027399999965],[-48.306557199999986,-18.886740799999927],[-48.30651489999997,-18.88660669999996],[-48.30627399999997,-18.886423899999954],[-48.30611559999994,-18.886332899999957],[-48.305930099999955,-18.886282299999948],[-48.30576159999998,-18.88624859999993],[-48.30551509999998,-18.88610499999993],[-48.30545479999995,-18.88606989999994],[-48.30545139999998,-18.88585749999993],[-48.305394099999944,-18.885688999999957],[-48.305201899999986,-18.885648499999945],[-48.30496259999995,-18.88565189999997],[-48.30486479999996,-18.88542599999994],[-48.304804099999956,-18.885304599999927],[-48.30464899999998,-18.88523719999995],[-48.30454119999996,-18.885136099999954],[-48.30435909999994,-18.885034899999937],[-48.30423099999996,-18.88490009999998],[-48.30412309999997,-18.88473819999996],[-48.30406919999996,-18.884596699999975],[-48.303944299999955,-18.884429099999977],[-48.30391879999996,-18.88441219999993],[-48.30375649999996,-18.884304699999973],[-48.303616799999986,-18.884152399999948],[-48.30344679999996,-18.88387819999997],[-48.30337059999994,-18.883708199999944],[-48.303327399999944,-18.883571099999926],[-48.30327409999995,-18.883322299999975],[-48.30305329999993,-18.883266399999968],[-48.30278419999996,-18.88322069999998],[-48.30267199999997,-18.883080699999937],[-48.302509999999984,-18.882839899999965],[-48.30238559999998,-18.88272829999994],[-48.30221549999993,-18.882184999999936],[-48.30213939999993,-18.881992099999934],[-48.30197479999998,-18.88174829999997],[-48.30176869999997,-18.881765799999982],[-48.301514399999974,-18.88136469999995],[-48.30133129999996,-18.881262899999967],[-48.30117349999995,-18.88110709999995],[-48.300964799999974,-18.88095809999993],[-48.30084309999995,-18.88087799999994],[-48.30074509999997,-18.88066749999996],[-48.30066399999998,-18.88061339999996],[-48.300581799999975,-18.88053949999994],[-48.30049269999995,-18.880367299999932],[-48.30032649999998,-18.880281199999956],[-48.30020769999993,-18.880177299999957],[-48.30008899999996,-18.880129799999963],[-48.299913799999956,-18.880093299999942],[-48.29970179999998,-18.880090799999948],[-48.29942009999996,-18.880028099999947],[-48.29930009999998,-18.87973329999994],[-48.299085899999966,-18.879655499999956],[-48.29890919999997,-18.879596099999958],[-48.29884059999995,-18.879410999999948],[-48.29867599999994,-18.879290899999944],[-48.29864859999998,-18.879140099999972],[-48.29837729999997,-18.87900179999997],[-48.29786779999995,-18.87859569999995],[-48.29753539999996,-18.87819879999995],[-48.297476899999936,-18.87812889999998],[-48.297446699999966,-18.87810909999996],[-48.29659669999995,-18.87755009999995],[-48.29500319999994,-18.877016399999945],[-48.29524699999996,-18.876733899999977],[-48.29551279999998,-18.876422699999978],[-48.29639449999996,-18.875390399999958],[-48.29255009999997,-18.87274999999994],[-48.29253799999998,-18.87274169999995],[-48.291439099999934,-18.871943599999952],[-48.29053639999995,-18.87122409999995],[-48.289648099999965,-18.87030459999994],[-48.28918129999994,-18.869794199999944],[-48.28887629999997,-18.869452199999955],[-48.28879089999998,-18.86938379999998],[-48.28869899999995,-18.86931039999996],[-48.28865559999997,-18.869250499999964]]]},"properties":{"CD_SETOR":"317020605000960","UsoSolo":"Indústria"}},
{"type":"Feature","geometry":{"type":"Polygon","coordinates":[[[-48.31533509999997,-18.891862699999933],[-48.314621699999975,-18.892768899999965],[-48.31454129999997,-18.89272059999996],[-48.31405449999994,-18.892376799999965],[-48.31229349999995,-18.891132999999968],[-48.31229039999994,-18.89113109999994],[-48.31180399999994,-18.89082159999998],[-48.31176859999994,-18.890805299999954],[-48.31152769999994,-18.890694399999973],[-48.31124299999993,-18.89059759999998],[-48.31084999999996,-18.890513099999964],[-48.31044859999997,-18.890480899999943],[-48.310046299999954,-18.89050149999997],[-48.30974859999998,-18.890551399999936],[-48.309269599999936,-18.890698699999973],[-48.30842099999995,-18.891039099999944],[-48.308205699999974,-18.891124699999978],[-48.30599939999996,-18.89200219999998],[-48.305651299999965,-18.89193759999995],[-48.30578529999997,-18.891121899999973],[-48.30589039999995,-18.891089699999952],[-48.30595059999996,-18.891071099999976],[-48.30644859999995,-18.890734299999963],[-48.30665359999995,-18.89032409999993],[-48.30688799999996,-18.890060499999947],[-48.30716629999995,-18.889826099999937],[-48.30721379999994,-18.889630299999965],[-48.30737129999994,-18.88963569999993],[-48.307605699999954,-18.889313499999957],[-48.30817589999998,-18.888718799999936],[-48.308343699999966,-18.888870399999973],[-48.30844859999996,-18.889039799999978],[-48.308601899999985,-18.88911239999993],[-48.30876319999993,-18.88911239999993],[-48.30890029999995,-18.889160799999956],[-48.30914229999996,-18.88920109999998],[-48.30942459999994,-18.889209199999982],[-48.30956169999996,-18.889297899999974],[-48.309658499999955,-18.889418899999953],[-48.30978749999997,-18.889523699999927],[-48.310013399999946,-18.889572099999953],[-48.31024729999996,-18.889717299999973],[-48.31042469999994,-18.889660899999967],[-48.310577999999964,-18.889709299999936],[-48.31076349999995,-18.88969309999993],[-48.31090059999997,-18.88975769999996],[-48.31123939999998,-18.88980609999993],[-48.31141679999996,-18.889878599999975],[-48.31152979999996,-18.889991599999973],[-48.311699199999964,-18.890072199999963],[-48.311868499999946,-18.890160999999978],[-48.31197339999994,-18.890273899999954],[-48.312211899999966,-18.890306099999975],[-48.31234059999997,-18.89037929999995],[-48.31250049999994,-18.890461499999958],[-48.31262629999998,-18.89050969999994],[-48.31297139999998,-18.890518699999973],[-48.31311219999998,-18.89057319999995],[-48.31359349999997,-18.89067769999997],[-48.31367529999994,-18.89077759999998],[-48.313711599999976,-18.890941099999964],[-48.31401809999994,-18.89115449999997],[-48.31416569999993,-18.891286199999968],[-48.314238399999965,-18.891395199999977],[-48.31444039999997,-18.891441199999974],[-48.314715199999966,-18.89148599999993],[-48.31482079999995,-18.891646099999946],[-48.31502849999998,-18.89174479999997],[-48.31525099999993,-18.89180159999995],[-48.31533509999997,-18.891862699999933]]]},"properties":{"CD_SETOR":"317020605001000","UsoSolo":"Universitário"}},
{"type":"Feature","geometry":{"type":"Polygon","coordinates":[[[-48.23670839999994,-18.87734869999997],[-48.23679589999995,-18.877293399999928],[-48.23680619999993,-18.877309199999956],[-48.23691009999993,-18.87739339999996],[-48.236983099999975,-18.877407499999947],[-48.23708409999995,-18.87741029999995],[-48.237197099999946,-18.877426199999945],[-48.237355099999945,-18.877457999999933],[-48.23751679999998,-18.877515699999947],[-48.23755689999996,-18.87752999999998],[-48.238074799999936,-18.877836299999956],[-48.238799599999936,-18.87829789999995],[-48.239304699999934,-18.878494599999954],[-48.240320699999984,-18.87878139999998],[-48.240796099999955,-18.87888819999995],[-48.241099099999985,-18.878944399999966],[-48.24139619999994,-18.878983799999958],[-48.24159229999998,-18.87900069999995],[-48.241776699999946,-18.87906819999995],[-48.24201069999998,-18.879255899999976],[-48.242121199999985,-18.879529099999957],[-48.24229939999998,-18.880259999999964],[-48.24263529999996,-18.88155359999996],[-48.24213109999994,-18.88158039999996],[-48.241299399999946,-18.881551199999933],[-48.240750799999944,-18.881508399999973],[-48.23983329999993,-18.881331099999954],[-48.239585699999964,-18.881272299999978],[-48.23894919999998,-18.88107539999993],[-48.23826219999995,-18.88082019999996],[-48.23745939999998,-18.880421099999978],[-48.23686339999995,-18.88012669999995],[-48.23605409999993,-18.879862799999955],[-48.236483799999974,-18.878184399999952],[-48.23670839999994,-18.87734869999997]]]},"properties":{"CD_SETOR":"317020605001005","UsoSolo":"Vazios urbanos ou outros usos"}},
{"type":"Feature","geometry":{"type":"Polygon","coordinates":[[[-48.228128399999946,-18.87614089999994],[-48.228201199999944,-18.876118899999938],[-48.23321039999996,-18.87460169999997],[-48.23340809999996,-18.874542799999972],[-48.23344539999994,-18.874530599999957],[-48.23342219999995,-18.87458659999993],[-48.23363699999993,-18.875211699999966],[-48.234209299999975,-18.876877599999943],[-48.234239499999944,-18.877019299999972],[-48.231095599999946,-18.876618399999927],[-48.230408899999986,-18.876530799999955],[-48.22970139999995,-18.876440599999967],[-48.22824829999996,-18.87625529999997],[-48.22816199999994,-18.876240699999983],[-48.228128399999946,-18.87614089999994]]]},"properties":{"CD_SETOR":"317020605001009","UsoSolo":"Universitário"}},
{"type":"Feature","geometry":{"type":"Polygon","coordinates":[[[-48.223266799999976,-18.895152999999937],[-48.223546699999986,-18.89491899999996],[-48.22425739999994,-18.894297499999936],[-48.22451859999995,-18.894044399999927],[-48.224635199999966,-18.89385599999997],[-48.22468909999998,-18.893688899999972],[-48.224648599999966,-18.89342019999998],[-48.22453059999998,-18.89315289999996],[-48.22366469999997,-18.891147099999955],[-48.22201009999998,-18.887369699999965],[-48.22223199999996,-18.88728029999993],[-48.22248539999998,-18.88706609999997],[-48.22332239999997,-18.885999599999934],[-48.22305989999995,-18.885383699999977],[-48.22279109999994,-18.884767099999976],[-48.222526399999936,-18.884155299999975],[-48.22252329999998,-18.884148299999936],[-48.22225729999997,-18.883534999999938],[-48.221979499999975,-18.88291389999995],[-48.221708399999955,-18.88229549999994],[-48.22144799999995,-18.88167969999995],[-48.22116799999998,-18.881068599999935],[-48.220896599999946,-18.880447999999944],[-48.22060319999997,-18.879780599999947],[-48.220334299999934,-18.87912339999997],[-48.22004179999993,-18.878505399999938],[-48.22004069999997,-18.87850279999998],[-48.219771599999945,-18.87790039999993],[-48.21951729999995,-18.877263599999935],[-48.21922269999993,-18.87666799999994],[-48.21891909999994,-18.875941199999943],[-48.21841829999994,-18.87480839999995],[-48.218417099999954,-18.874805699999968],[-48.218061499999976,-18.87395559999993],[-48.21742519999998,-18.872538899999938],[-48.21895719999998,-18.871154099999956],[-48.22137589999994,-18.868955699999958],[-48.221797299999935,-18.868710799999974],[-48.222410099999934,-18.868322999999975],[-48.22299959999998,-18.867962699999964],[-48.223232199999984,-18.868586599999958],[-48.223618999999985,-18.869740199999967],[-48.226427599999965,-18.878077599999926],[-48.22698719999994,-18.87973979999998],[-48.228227499999946,-18.88342369999998],[-48.22860529999997,-18.884545899999978],[-48.22864649999997,-18.88460669999995],[-48.228764799999965,-18.884622299999933],[-48.22913999999997,-18.88451559999993],[-48.22916269999996,-18.884568999999942],[-48.229216399999984,-18.884694899999943],[-48.230584799999974,-18.887906199999975],[-48.23083759999997,-18.887810699999932],[-48.230857399999934,-18.887860299999943],[-48.23173349999996,-18.890057799999965],[-48.23228849999998,-18.89139689999996],[-48.23261269999995,-18.892124199999955],[-48.233455299999946,-18.894221999999957],[-48.23403029999997,-18.895569199999954],[-48.23060119999997,-18.897817199999963],[-48.228621299999986,-18.899132599999973],[-48.22657269999996,-18.90099429999998],[-48.225729799999954,-18.901737199999957],[-48.22563299999996,-18.901607799999965],[-48.22562359999995,-18.901526299999944],[-48.22564619999997,-18.901377599999932],[-48.225684899999976,-18.901260499999978],[-48.22581149999996,-18.90114109999996],[-48.22478639999997,-18.898727099999974],[-48.22345199999995,-18.895584799999938],[-48.223266799999976,-18.895152999999937]]]},"properties":{"CD_SETOR":"317020605001036","UsoSolo":"Aeroporto"}},
{"type":"Feature","geometry":{"type":"Polygon","coordinates":[[[-48.21469979999995,-18.96887309999994],[-48.214585699999986,-18.96884289999997],[-48.213779699999975,-18.96862939999994],[-48.21355429999994,-18.968599599999948],[-48.21344069999998,-18.968647399999952],[-48.21320259999993,-18.96851959999998],[-48.213084299999935,-18.96857549999993],[-48.21288479999998,-18.968488999999977],[-48.21251569999998,-18.96838639999993],[-48.21234659999993,-18.968337599999927],[-48.212030599999935,-18.968241599999942],[-48.21205779999997,-18.968171199999972],[-48.211572399999966,-18.968066299999975],[-48.211666599999944,-18.967605399999968],[-48.212141299999985,-18.967602399999976],[-48.21247479999994,-18.96673629999998],[-48.21202639999996,-18.965404199999966],[-48.21213299999994,-18.964144399999952],[-48.212681299999986,-18.962805599999967],[-48.21232719999995,-18.962177999999938],[-48.212315099999955,-18.96183419999994],[-48.21273779999996,-18.961203099999977],[-48.21267769999997,-18.959406899999976],[-48.21114079999995,-18.95792179999995],[-48.20964649999996,-18.956837399999927],[-48.20877389999998,-18.956322299999954],[-48.20797249999998,-18.956741299999976],[-48.207430999999985,-18.95586149999997],[-48.20682499999998,-18.955344499999967],[-48.20634959999995,-18.954984799999977],[-48.20597379999998,-18.95490039999993],[-48.20588609999993,-18.954883699999982],[-48.20576859999994,-18.95495909999994],[-48.20540599999998,-18.954734799999983],[-48.20505179999998,-18.954482499999926],[-48.20476899999994,-18.95401819999995],[-48.20241599999997,-18.95533329999995],[-48.20163169999995,-18.954074399999968],[-48.20213189999998,-18.95116379999996],[-48.20247539999997,-18.950556399999982],[-48.20362819999997,-18.94907269999993],[-48.204822899999954,-18.94811909999993],[-48.20531569999997,-18.94752159999996],[-48.206195099999945,-18.947049499999935],[-48.20768059999995,-18.946431299999972],[-48.20863129999998,-18.946116599999982],[-48.21126959999998,-18.938883399999952],[-48.211768699999936,-18.938675399999966],[-48.212255899999946,-18.938135899999963],[-48.21247469999997,-18.937700399999983],[-48.21255699999995,-18.937536699999953],[-48.21949879999994,-18.938465099999974],[-48.21913589999997,-18.940299099999947],[-48.218811899999935,-18.94259949999997],[-48.218652599999984,-18.943602599999963],[-48.21849329999998,-18.944753099999957],[-48.218465599999945,-18.94513989999996],[-48.217913399999986,-18.94884399999995],[-48.21705639999993,-18.95410279999993],[-48.21694749999995,-18.954732899999954],[-48.21615259999993,-18.959611699999982],[-48.215207099999986,-18.965490699999975],[-48.214832799999954,-18.967988899999966],[-48.21469979999995,-18.96887309999994]]]},"properties":{"CD_SETOR":"317020605001105","UsoSolo":"Universitário"}},
{"type":"Feature","geometry":{"type":"Polygon","coordinates":[[[-48.320046599999955,-18.89180159999995],[-48.320119499999976,-18.89173909999994],[-48.32026799999994,-18.89161189999993],[-48.32038279999995,-18.891158899999937],[-48.32039949999995,-18.89048939999998],[-48.32060869999998,-18.890188199999955],[-48.321016499999985,-18.889940799999977],[-48.32128229999995,-18.889542699999936],[-48.32152129999997,-18.889035699999965],[-48.321451699999955,-18.88860049999994],[-48.321487899999966,-18.88820009999995],[-48.32153869999996,-18.887869399999943],[-48.321730199999934,-18.887399399999936],[-48.32169539999995,-18.88689459999995],[-48.32164299999994,-18.886302299999954],[-48.32157349999994,-18.885571699999957],[-48.32166059999997,-18.88508429999996],[-48.322461299999986,-18.884492499999965],[-48.32297909999994,-18.883959299999958],[-48.32405639999996,-18.88334729999997],[-48.32450799999998,-18.883059899999978],[-48.32504159999996,-18.882813599999963],[-48.326326999999935,-18.882344099999955],[-48.32686209999997,-18.882532899999944],[-48.32736569999997,-18.88294209999998],[-48.32780629999996,-18.88313089999997],[-48.32821549999994,-18.88335129999996],[-48.32925409999996,-18.883540099999948],[-48.32963179999996,-18.88344569999998],[-48.330062099999964,-18.88340839999995],[-48.33036029999994,-18.883242699999983],[-48.330592199999955,-18.882911399999955],[-48.33123949999998,-18.88225989999995],[-48.33156279999997,-18.881669299999942],[-48.33413849999994,-18.885944199999926],[-48.33417369999995,-18.88598879999995],[-48.332786899999974,-18.88687509999994],[-48.33309689999993,-18.887304599999936],[-48.33177019999994,-18.888159499999972],[-48.33112769999997,-18.887286399999937],[-48.329822999999976,-18.888159799999983],[-48.32960479999997,-18.887812199999928],[-48.32803629999995,-18.88843289999994],[-48.32816529999997,-18.888607699999966],[-48.32400739999997,-18.89129749999995],[-48.328885699999944,-18.89513039999997],[-48.33066349999996,-18.89653999999996],[-48.33049049999994,-18.89665309999998],[-48.32853869999997,-18.897933299999977],[-48.328531099999964,-18.897938299999964],[-48.32809159999994,-18.898228999999958],[-48.32734759999994,-18.898721199999954],[-48.32548949999995,-18.900048899999945],[-48.325446399999976,-18.90001529999995],[-48.32478679999997,-18.899517999999944],[-48.32380839999996,-18.898215999999934],[-48.32162349999993,-18.894520099999966],[-48.32135759999994,-18.894047299999954],[-48.321213099999966,-18.893790299999978],[-48.320091599999955,-18.891860299999962],[-48.320046599999955,-18.89180159999995]]]},"properties":{"CD_SETOR":"317020605001142","UsoSolo":"Universitário"}},
{"type":"Feature","geometry":{"type":"Polygon","coordinates":[[[-48.30701129999994,-18.951954099999966],[-48.307031999999936,-18.950679199999968],[-48.307678899999985,-18.95030829999996],[-48.309979099999964,-18.953823799999952],[-48.30862059999998,-18.954628599999978],[-48.30710849999997,-18.955524499999967],[-48.30700829999995,-18.955583799999943],[-48.306925399999955,-18.955632899999955],[-48.30694809999994,-18.954578199999958],[-48.306966999999986,-18.95394219999997],[-48.306993499999976,-18.953052799999966],[-48.30701129999994,-18.951954099999966]]]},"properties":{"CD_SETOR":"317020605001253","UsoSolo":"Lazer"}},
{"type":"Feature","geometry":{"type":"Polygon","coordinates":[[[-48.32300619999995,-18.947325199999966],[-48.31954179999997,-18.94634469999994],[-48.319447199999956,-18.946304599999962],[-48.32053789999998,-18.942696599999977],[-48.32141649999994,-18.94295859999994],[-48.32140049999998,-18.94302609999994],[-48.32132839999997,-18.943331199999932],[-48.32146689999996,-18.94463209999998],[-48.32296949999994,-18.947261099999935],[-48.32300619999995,-18.947325199999966]]]},"properties":{"CD_SETOR":"317020605001256","UsoSolo":"Área verde"}},
{"type":"Feature","geometry":{"type":"Polygon","coordinates":[[[-48.32141649999994,-18.94295859999994],[-48.32148339999998,-18.94286479999994],[-48.32242919999993,-18.94153929999993],[-48.32263359999996,-18.941279099999974],[-48.32272649999993,-18.940907399999958],[-48.32294959999996,-18.940647199999944],[-48.32330269999994,-18.940424099999973],[-48.32337709999996,-18.940238299999976],[-48.32337709999996,-18.939978099999962],[-48.323536399999966,-18.939822499999934],[-48.323785999999984,-18.93960629999998],[-48.32408339999995,-18.93940189999995],[-48.32454809999996,-18.93886279999998],[-48.324585199999945,-18.93854689999995],[-48.32512429999997,-18.93800779999998],[-48.32510569999994,-18.93765469999994],[-48.32579339999995,-18.936985599999957],[-48.32620229999998,-18.936372199999937],[-48.32649969999994,-18.936186299999974],[-48.326930699999934,-18.935977599999944],[-48.32757779999997,-18.934856699999955],[-48.328485899999976,-18.934174199999973],[-48.328799799999956,-18.93373289999994],[-48.328957799999955,-18.932812799999965],[-48.32869759999994,-18.93258979999996],[-48.32866039999993,-18.93243179999996],[-48.32852099999997,-18.932171599999947],[-48.328456399999936,-18.932064999999966],[-48.32829379999998,-18.931796799999972],[-48.32935649999996,-18.932034099999953],[-48.32941499999998,-18.932047099999977],[-48.32946649999997,-18.932892599999946],[-48.32962039999995,-18.934415999999942],[-48.33074049999993,-18.93634919999994],[-48.330759899999975,-18.93638409999994],[-48.331281299999944,-18.937319999999943],[-48.33130819999997,-18.937368299999946],[-48.33133529999998,-18.937416999999982],[-48.33162719999996,-18.937940999999967],[-48.33192109999993,-18.938468599999965],[-48.33217369999994,-18.938921999999934],[-48.33221129999998,-18.93898939999997],[-48.33275099999997,-18.939958299999944],[-48.33314439999998,-18.940529899999945],[-48.33346209999996,-18.94099149999994],[-48.33350879999995,-18.94104089999996],[-48.333927899999935,-18.941482899999983],[-48.336234299999944,-18.943915699999934],[-48.33720809999994,-18.944875899999943],[-48.33739749999995,-18.94497119999994],[-48.33778789999997,-18.945167699999956],[-48.33827619999994,-18.945313599999963],[-48.33896519999996,-18.945358399999975],[-48.339390299999934,-18.945423499999947],[-48.33957799999996,-18.945337199999926],[-48.339551599999936,-18.945292699999982],[-48.34077639999998,-18.945422399999927],[-48.342493299999944,-18.945480999999972],[-48.342659599999934,-18.94637309999996],[-48.343145499999935,-18.94629989999993],[-48.343196399999954,-18.94629219999996],[-48.34306929999997,-18.94562989999997],[-48.34416459999994,-18.945842999999968],[-48.34410289999994,-18.947328899999945],[-48.34401159999993,-18.94894789999995],[-48.34399289999993,-18.949278999999933],[-48.34398939999994,-18.94934089999998],[-48.321623099999954,-18.943017399999974],[-48.32141649999994,-18.94295859999994]]]},"properties":{"CD_SETOR":"317020605001332","UsoSolo":"Vazios urbanos ou outros usos"}},
{"type":"Feature","geometry":{"type":"Polygon","coordinates":[[[-48.32888049999997,-18.925586299999964],[-48.32914939999995,-18.925672499999962],[-48.32972339999998,-18.92563839999997],[-48.32984349999998,-18.92555559999994],[-48.33001109999998,-18.925513699999954],[-48.330178699999976,-18.92548979999998],[-48.330328399999985,-18.925447899999938],[-48.330702299999984,-18.92536679999995],[-48.33084919999993,-18.925370099999952],[-48.33102869999993,-18.925307199999963],[-48.33120229999997,-18.92526229999993],[-48.33143279999996,-18.92526229999993],[-48.33173499999998,-18.925358099999983],[-48.33182849999997,-18.92535639999994],[-48.33170469999993,-18.92577099999994],[-48.331105899999955,-18.925740299999973],[-48.33010439999998,-18.926904499999978],[-48.33011339999996,-18.926911399999938],[-48.331361699999945,-18.927934799999946],[-48.33107529999995,-18.928242799999964],[-48.330926799999986,-18.92845219999998],[-48.330804599999965,-18.92876259999997],[-48.330573999999956,-18.92961329999997],[-48.33041459999998,-18.929572899999982],[-48.33013169999998,-18.929501199999947],[-48.33012299999996,-18.929498999999964],[-48.329376999999965,-18.92930999999993],[-48.32914679999993,-18.93062679999997],[-48.32911879999995,-18.930856699999936],[-48.32912049999993,-18.93101939999997],[-48.329169699999966,-18.93125279999998],[-48.32921689999995,-18.93145039999996],[-48.329241199999956,-18.931551999999954],[-48.32935649999996,-18.932034099999953],[-48.32829379999998,-18.931796799999972],[-48.32828929999994,-18.931699099999946],[-48.32826419999998,-18.93115659999995],[-48.32824509999995,-18.93097439999997],[-48.32824509999995,-18.930821599999945],[-48.32818139999995,-18.930592299999944],[-48.328168699999935,-18.93040119999995],[-48.32832159999998,-18.930197299999975],[-48.32843619999994,-18.930057199999965],[-48.328391599999975,-18.929904299999976],[-48.328418599999964,-18.92974899999996],[-48.328477599999985,-18.92941069999995],[-48.32843299999996,-18.929206799999974],[-48.32852219999995,-18.92902209999994],[-48.32874519999996,-18.928690899999935],[-48.32857949999993,-18.928630399999975],[-48.32853499999993,-18.92849979999994],[-48.32854129999998,-18.928359599999965],[-48.32865919999995,-18.92817169999995],[-48.32879609999998,-18.92794239999995],[-48.32875979999994,-18.927535099999943],[-48.32886869999993,-18.92743919999998],[-48.32897329999997,-18.92719519999997],[-48.32879609999998,-18.926824499999952],[-48.32864319999993,-18.92656969999996],[-48.32847129999993,-18.926378599999964],[-48.32852859999997,-18.926174799999956],[-48.328630499999974,-18.92596459999993],[-48.32875649999994,-18.925872399999946],[-48.32888049999997,-18.925586299999964]]]},"properties":{"CD_SETOR":"317020605001337","UsoSolo":"Área verde"}},
{"type":"Feature","geometry":{"type":"Polygon","coordinates":[[[-48.32300619999995,-18.947325199999966],[-48.32296949999994,-18.947261099999935],[-48.32146689999996,-18.94463209999998],[-48.32132839999997,-18.943331199999932],[-48.32140049999998,-18.94302609999994],[-48.32141649999994,-18.94295859999994],[-48.321623099999954,-18.943017399999974],[-48.34398939999994,-18.94934089999998],[-48.34410939999998,-18.949376899999947],[-48.343939399999954,-18.95150629999995],[-48.34394409999993,-18.95208249999996],[-48.34388789999997,-18.95299119999993],[-48.343876799999975,-18.95325619999994],[-48.34380749999997,-18.954913999999974],[-48.34375069999993,-18.955963099999963],[-48.34350039999998,-18.960583799999938],[-48.34331169999996,-18.96406799999994],[-48.34328309999995,-18.964596099999937],[-48.34327879999995,-18.964675399999976],[-48.34314349999994,-18.964647499999955],[-48.34129509999997,-18.963269699999955],[-48.338980299999946,-18.961544199999935],[-48.33732729999997,-18.960312099999953],[-48.337243299999955,-18.960249199999964],[-48.335491299999944,-18.958917699999972],[-48.33480449999996,-18.958389199999942],[-48.333231799999965,-18.957644699999946],[-48.332955599999934,-18.957553299999972],[-48.33106309999994,-18.956034199999976],[-48.329542499999945,-18.954813499999943],[-48.329034999999976,-18.95442319999995],[-48.32507789999994,-18.951221699999962],[-48.324542399999984,-18.950792599999943],[-48.324801699999966,-18.950319199999967],[-48.32341169999995,-18.947999399999958],[-48.32300619999995,-18.947325199999966]]]},"properties":{"CD_SETOR":"317020605001349","UsoSolo":"Vazios urbanos ou outros usos"}},
{"type":"Feature","geometry":{"type":"Polygon","coordinates":[[[-48.24340079999996,-18.939957899999968],[-48.24452309999998,-18.939890599999956],[-48.24478049999993,-18.94297119999993],[-48.24536959999995,-18.94293669999996],[-48.24680139999998,-18.942839499999934],[-48.24677239999994,-18.944601899999952],[-48.24481039999995,-18.944569899999976],[-48.244244299999934,-18.94456349999996],[-48.24366519999995,-18.944557499999974],[-48.24367689999997,-18.943453499999976],[-48.24340079999996,-18.939957899999968]]]},"properties":{"CD_SETOR":"317020605001368","UsoSolo":"Área de lazer"}},
{"type":"Feature","geometry":{"type":"Polygon","coordinates":[[[-48.24683399999998,-18.94957329999994],[-48.24683479999993,-18.949553899999955],[-48.24971979999998,-18.949634699999933],[-48.24786859999995,-18.951977599999964],[-48.247846799999934,-18.952005199999974],[-48.24594769999993,-18.95069079999996],[-48.24639159999998,-18.950131399999975],[-48.24683399999998,-18.94957329999994]]]},"properties":{"CD_SETOR":"317020605001374","UsoSolo":"Hospital"}},
{"type":"Feature","geometry":{"type":"Polygon","coordinates":[[[-48.249265099999946,-18.952256999999975],[-48.25144629999994,-18.949486699999966],[-48.251795699999946,-18.953200599999946],[-48.249265099999946,-18.952256999999975]]]},"properties":{"CD_SETOR":"317020605001379","UsoSolo":"Área verde"}},
{"type":"Feature","geometry":{"type":"Polygon","coordinates":[[[-48.32053789999998,-18.942696599999977],[-48.320876699999985,-18.94181409999993],[-48.321131299999934,-18.94093339999995],[-48.32345749999996,-18.93795599999993],[-48.32573569999994,-18.935039999999958],[-48.325825099999975,-18.934616699999935],[-48.326621099999954,-18.930849499999965],[-48.32664699999998,-18.93087339999994],[-48.327124399999946,-18.931434899999942],[-48.32732439999995,-18.931599699999936],[-48.32744169999995,-18.93165819999996],[-48.32747459999996,-18.93167459999995],[-48.32829379999998,-18.931796799999972],[-48.328456399999936,-18.932064999999966],[-48.32852099999997,-18.932171599999947],[-48.32866039999993,-18.93243179999996],[-48.32869759999994,-18.93258979999996],[-48.328957799999955,-18.932812799999965],[-48.328799799999956,-18.93373289999994],[-48.328485899999976,-18.934174199999973],[-48.32757779999997,-18.934856699999955],[-48.326930699999934,-18.935977599999944],[-48.32649969999994,-18.936186299999974],[-48.32620229999998,-18.936372199999937],[-48.32579339999995,-18.936985599999957],[-48.32510569999994,-18.93765469999994],[-48.32512429999997,-18.93800779999998],[-48.324585199999945,-18.93854689999995],[-48.32454809999996,-18.93886279999998],[-48.32408339999995,-18.93940189999995],[-48.323785999999984,-18.93960629999998],[-48.323536399999966,-18.939822499999934],[-48.32337709999996,-18.939978099999962],[-48.32337709999996,-18.940238299999976],[-48.32330269999994,-18.940424099999973],[-48.32294959999996,-18.940647199999944],[-48.32272649999993,-18.940907399999958],[-48.32263359999996,-18.941279099999974],[-48.32242919999993,-18.94153929999993],[-48.32148339999998,-18.94286479999994],[-48.32141649999994,-18.94295859999994],[-48.32053789999998,-18.942696599999977]]]},"properties":{"CD_SETOR":"317020605001396","UsoSolo":"Vazios urbanos ou outros usos"}},
{"type":"Feature","geometry":{"type":"Polygon","coordinates":[[[-48.30694349999993,-18.92251719999996],[-48.30729679999996,-18.92239019999994],[-48.30750459999996,-18.922328499999935],[-48.30779169999994,-18.922313299999928],[-48.308583399999975,-18.922444999999982],[-48.30968329999996,-18.922631799999976],[-48.31318509999994,-18.92329689999997],[-48.31392439999996,-18.923427499999946],[-48.314334299999985,-18.923504599999944],[-48.31431509999993,-18.923593599999947],[-48.31355099999996,-18.927143199999932],[-48.31345989999994,-18.92774579999997],[-48.312759899999946,-18.92761459999997],[-48.31270079999996,-18.927904199999944],[-48.31267699999995,-18.928020999999944],[-48.31096839999998,-18.927697299999977],[-48.30830119999996,-18.92719189999997],[-48.307516599999985,-18.927056499999935],[-48.30598589999994,-18.926765699999976],[-48.30357019999997,-18.926295299999936],[-48.30484819999998,-18.924829299999942],[-48.30596289999994,-18.923616399999958],[-48.30694349999993,-18.92251719999996]]]},"properties":{"CD_SETOR":"317020605001401","UsoSolo":"Militar"}},
{"type":"Feature","geometry":{"type":"Polygon","coordinates":[[[-48.217913399999986,-18.94884399999995],[-48.218465599999945,-18.94513989999996],[-48.218622299999936,-18.945172199999945],[-48.22856589999998,-18.947221699999943],[-48.22816739999996,-18.948078299999963],[-48.22849499999995,-18.948298199999954],[-48.227543399999945,-18.949438099999952],[-48.227480999999955,-18.94951279999998],[-48.22719369999993,-18.94985689999993],[-48.22712809999996,-18.94993549999998],[-48.22683859999995,-18.950282199999947],[-48.226775799999984,-18.95035749999994],[-48.22648019999997,-18.950711499999954],[-48.22644299999996,-18.95075609999998],[-48.22641689999995,-18.950787499999933],[-48.22612469999996,-18.951139199999943],[-48.22603499999997,-18.951247299999977],[-48.22517629999993,-18.95223169999997],[-48.22518069999995,-18.95227579999994],[-48.22521859999995,-18.952312499999948],[-48.22446209999998,-18.95321789999997],[-48.22232339999994,-18.951800099999957],[-48.22130189999996,-18.951115399999935],[-48.22032759999996,-18.950462199999947],[-48.217913399999986,-18.94884399999995]]]},"properties":{"CD_SETOR":"317020605001425","UsoSolo":"Vazios urbanos ou outros usos"}},
{"type":"Feature","geometry":{"type":"Polygon","coordinates":[[[-48.21469979999995,-18.96887309999994],[-48.214832799999954,-18.967988899999966],[-48.21577729999996,-18.968074199999933],[-48.21778169999993,-18.96826649999997],[-48.219772999999975,-18.96846849999997],[-48.22194489999998,-18.968664199999978],[-48.22241269999995,-18.968699899999933],[-48.22208049999995,-18.971021099999973],[-48.22384379999994,-18.971257399999956],[-48.22563309999998,-18.97149719999993],[-48.22973289999993,-18.972060099999965],[-48.22958669999997,-18.97285059999996],[-48.229516099999955,-18.97323229999995],[-48.21493319999996,-18.971242599999982],[-48.21474009999997,-18.97119239999995],[-48.21437069999996,-18.971160399999974],[-48.21469979999995,-18.96887309999994]]]},"properties":{"CD_SETOR":"317020605001439","UsoSolo":"Vazios urbanos ou outros usos"}},
{"type":"Feature","geometry":{"type":"Polygon","coordinates":[[[-48.218465599999945,-18.94513989999996],[-48.21849329999998,-18.944753099999957],[-48.218652599999984,-18.943602599999963],[-48.218811899999935,-18.94259949999997],[-48.21913589999997,-18.940299099999947],[-48.21949879999994,-18.938465099999974],[-48.22158399999995,-18.938767999999982],[-48.22225609999998,-18.93886729999997],[-48.22297569999995,-18.938999999999965],[-48.224423799999954,-18.939085699999964],[-48.22443019999997,-18.939760699999965],[-48.22441399999997,-18.940293099999963],[-48.22442979999994,-18.940519799999947],[-48.22452509999994,-18.94068089999996],[-48.22466629999997,-18.940781799999968],[-48.225269099999934,-18.94104059999995],[-48.225840999999946,-18.94126749999998],[-48.22605269999997,-18.94133389999996],[-48.22736169999996,-18.94153609999995],[-48.22806549999996,-18.94165309999994],[-48.22819229999993,-18.941671999999983],[-48.229959099999974,-18.94188319999995],[-48.23051419999996,-18.941918399999963],[-48.230172599999946,-18.94296959999997],[-48.23005489999997,-18.943314099999952],[-48.22941599999996,-18.945158499999934],[-48.22880369999996,-18.94705449999998],[-48.22879109999997,-18.947178599999972],[-48.22880909999998,-18.947262999999964],[-48.228831799999966,-18.947317699999928],[-48.22877609999995,-18.947297599999956],[-48.22856589999998,-18.947221699999943],[-48.218622299999936,-18.945172199999945],[-48.218465599999945,-18.94513989999996]]]},"properties":{"CD_SETOR":"317020605001481","UsoSolo":"Vazios urbanos ou outros usos"}},
{"type":"Feature","geometry":{"type":"Polygon","coordinates":[[[-48.24340079999996,-18.939957899999968],[-48.24229329999997,-18.939994799999965],[-48.242308599999944,-18.93833139999998],[-48.24227519999994,-18.93794669999994],[-48.242142899999976,-18.936463199999935],[-48.24219059999996,-18.93611039999996],[-48.24343309999995,-18.93601289999998],[-48.244688199999985,-18.935897099999977],[-48.24594539999998,-18.935774899999956],[-48.247301799999946,-18.93565659999996],[-48.24745799999994,-18.935643399999947],[-48.24791959999993,-18.93560329999997],[-48.24899529999993,-18.935509699999955],[-48.249179599999934,-18.935493699999938],[-48.24953439999996,-18.939419099999952],[-48.24953939999995,-18.93947469999995],[-48.24764219999997,-18.939611499999955],[-48.245119099999954,-18.939854399999945],[-48.24452309999998,-18.939890599999956],[-48.24340079999996,-18.939957899999968]]]},"properties":{"CD_SETOR":"317020605001488","UsoSolo":"Misto não residencial"}},
{"type":"Feature","geometry":{"type":"Polygon","coordinates":[[[-48.25490159999998,-18.937393999999927],[-48.25495139999998,-18.937390599999958],[-48.25781349999994,-18.937192099999947],[-48.25994519999995,-18.937837099999967],[-48.26003689999993,-18.937867899999958],[-48.259783599999935,-18.93857719999994],[-48.25976159999993,-18.93857079999998],[-48.25968329999995,-18.93855089999994],[-48.259627499999965,-18.93854699999997],[-48.25956119999995,-18.93855499999995],[-48.25953019999997,-18.938570699999957],[-48.259475099999975,-18.938585199999977],[-48.25942119999996,-18.93862189999993],[-48.259375699999964,-18.938668099999973],[-48.259342499999946,-18.938720299999943],[-48.259326999999985,-18.938756299999966],[-48.25931689999993,-18.93878579999995],[-48.25503289999995,-18.93905849999993],[-48.25490159999998,-18.937393999999927]]]},"properties":{"CD_SETOR":"317020605001499","UsoSolo":"Vazios urbanos ou outros usos"}},
{"type":"Feature","geometry":{"type":"Polygon","coordinates":[[[-48.25503289999995,-18.93905849999993],[-48.25931689999993,-18.93878579999995],[-48.259326999999985,-18.938756299999966],[-48.259342499999946,-18.938720299999943],[-48.259375699999964,-18.938668099999973],[-48.25942119999996,-18.93862189999993],[-48.259475099999975,-18.938585199999977],[-48.25953019999997,-18.938570699999957],[-48.25956119999995,-18.93855499999995],[-48.259627499999965,-18.93854699999997],[-48.25968329999995,-18.93855089999994],[-48.25976159999993,-18.93857079999998],[-48.259783599999935,-18.93857719999994],[-48.25982369999997,-18.93860639999997],[-48.25984439999996,-18.93862139999993],[-48.25988359999997,-18.93865999999997],[-48.259915199999966,-18.93870439999995],[-48.25993829999993,-18.93875339999994],[-48.25995199999994,-18.938805499999944],[-48.25995249999994,-18.938891799999965],[-48.26001629999996,-18.938918399999977],[-48.26126319999997,-18.942768099999967],[-48.26125549999995,-18.942774399999962],[-48.26120449999996,-18.942815499999938],[-48.261172699999975,-18.94288149999994],[-48.260969999999986,-18.94330309999998],[-48.26060079999996,-18.94389039999993],[-48.260178199999984,-18.944259599999953],[-48.25917679999998,-18.945281399999942],[-48.258327099999974,-18.94583599999993],[-48.257738899999936,-18.94646469999998],[-48.256915799999945,-18.946905399999935],[-48.255992799999945,-18.947656199999926],[-48.25555479999997,-18.947828199999947],[-48.25552639999995,-18.947839399999964],[-48.25521039999995,-18.948183399999948],[-48.25497759999996,-18.948761699999977],[-48.25314219999996,-18.950916399999983],[-48.25296179999998,-18.95081689999995],[-48.25285039999994,-18.950711599999977],[-48.252727999999934,-18.950500899999952],[-48.25267229999997,-18.950216599999976],[-48.25285039999994,-18.94970049999995],[-48.253885999999966,-18.948236599999973],[-48.252743099999975,-18.94728719999995],[-48.25263119999994,-18.94719429999998],[-48.254300299999954,-18.945159799999942],[-48.25417609999994,-18.945068899999967],[-48.25225139999998,-18.94365899999997],[-48.24896119999994,-18.94450939999996],[-48.24896449999994,-18.944219799999928],[-48.24896869999998,-18.943909299999973],[-48.24881019999998,-18.94379729999997],[-48.248676699999976,-18.943681699999956],[-48.248252399999956,-18.942733699999962],[-48.24790389999998,-18.94148359999997],[-48.24764219999997,-18.939611499999955],[-48.24953939999995,-18.93947469999995],[-48.25168299999996,-18.93931209999994],[-48.253644099999974,-18.939163399999927],[-48.254996699999936,-18.939060799999936],[-48.25503289999995,-18.93905849999993]]]},"properties":{"CD_SETOR":"317020605001501","UsoSolo":"Área verde"}},
{"type":"Feature","geometry":{"type":"Polygon","coordinates":[[[-48.306993499999976,-18.953052799999966],[-48.306895199999985,-18.953052499999956],[-48.30682539999998,-18.953052299999968],[-48.306546999999966,-18.953178599999944],[-48.30555599999997,-18.953115399999945],[-48.304965799999934,-18.95286269999997],[-48.30447099999998,-18.952741999999944],[-48.30436129999998,-18.952715299999966],[-48.30354049999994,-18.95251509999997],[-48.30327969999996,-18.95239429999998],[-48.30215069999997,-18.95187119999997],[-48.30137359999998,-18.95151119999997],[-48.30081359999997,-18.951119799999958],[-48.300271399999986,-18.950724799999932],[-48.30012449999998,-18.950535499999944],[-48.30003289999996,-18.950313999999935],[-48.299954999999954,-18.950187599999936],[-48.29982129999996,-18.95009289999996],[-48.29962089999998,-18.950040199999933],[-48.29955239999998,-18.950061799999958],[-48.29959729999996,-18.949687599999947],[-48.29960379999994,-18.94963379999996],[-48.29967659999994,-18.949090599999977],[-48.30031289999994,-18.94882169999994],[-48.30069899999995,-18.94601789999996],[-48.30385659999996,-18.94639449999994],[-48.305281599999944,-18.946563899999944],[-48.305323999999985,-18.94656889999993],[-48.30437109999997,-18.947198399999934],[-48.30339739999994,-18.94784149999998],[-48.30144839999997,-18.94912889999995],[-48.30215979999997,-18.95009639999995],[-48.30409599999996,-18.95083779999993],[-48.30701129999994,-18.951954099999966],[-48.306993499999976,-18.953052799999966]]]},"properties":{"CD_SETOR":"317020605001530","UsoSolo":"Área verde"}},
{"type":"Feature","geometry":{"type":"Polygon","coordinates":[[[-48.25263119999994,-18.94719429999998],[-48.252743099999975,-18.94728719999995],[-48.253885999999966,-18.948236599999973],[-48.25285039999994,-18.94970049999995],[-48.25267229999997,-18.950216599999976],[-48.252727999999934,-18.950500899999952],[-48.25285039999994,-18.950711599999977],[-48.25296179999998,-18.95081689999995],[-48.25314219999996,-18.950916399999983],[-48.25497759999996,-18.948761699999977],[-48.25521039999995,-18.948183399999948],[-48.25552639999995,-18.947839399999964],[-48.25555479999997,-18.947828199999947],[-48.255992799999945,-18.947656199999926],[-48.256915799999945,-18.946905399999935],[-48.257738899999936,-18.94646469999998],[-48.258327099999974,-18.94583599999993],[-48.25917679999998,-18.945281399999942],[-48.260178199999984,-18.944259599999953],[-48.26060079999996,-18.94389039999993],[-48.260969999999986,-18.94330309999998],[-48.261172699999975,-18.94288149999994],[-48.26120449999996,-18.942815499999938],[-48.26125549999995,-18.942774399999962],[-48.261378899999954,-18.94320529999993],[-48.26158809999998,-18.94378039999998],[-48.261596699999984,-18.943953199999953],[-48.261531599999955,-18.94406479999998],[-48.26148019999994,-18.944113199999947],[-48.26130059999997,-18.944282399999963],[-48.26127809999997,-18.94446389999996],[-48.261269899999945,-18.94453889999994],[-48.258897099999956,-18.946193299999948],[-48.25876619999997,-18.946484399999974],[-48.258423999999934,-18.94672719999994],[-48.255997599999944,-18.94840819999996],[-48.25741979999998,-18.950270599999953],[-48.25806189999997,-18.950685799999974],[-48.258943699999975,-18.951266199999964],[-48.259321099999966,-18.95151459999994],[-48.25939759999994,-18.951703899999927],[-48.25926479999998,-18.951754299999948],[-48.258829299999945,-18.951953799999956],[-48.252655699999934,-18.955881699999964],[-48.25262159999994,-18.955736999999942],[-48.252520499999946,-18.955604999999935],[-48.25237439999995,-18.955524999999966],[-48.25248799999997,-18.955160899999953],[-48.252530899999954,-18.95492839999997],[-48.25253239999995,-18.954901999999947],[-48.252539999999954,-18.954763399999933],[-48.25250829999993,-18.954320999999936],[-48.25228699999997,-18.95192039999995],[-48.25199709999998,-18.948894199999927],[-48.25199249999997,-18.948793099999932],[-48.25190279999998,-18.94793509999994],[-48.25263119999994,-18.94719429999998]]]},"properties":{"CD_SETOR":"317020605001551","UsoSolo":"Área verde"}},
{"type":"Feature","geometry":{"type":"Polygon","coordinates":[[[-48.285275799999965,-18.949585499999955],[-48.28558799999996,-18.948894799999948],[-48.28585839999994,-18.94819289999998],[-48.28603019999997,-18.94736039999998],[-48.28611189999998,-18.94573939999998],[-48.286010499999975,-18.945080099999927],[-48.28579079999997,-18.94456859999997],[-48.285501099999976,-18.94411809999997],[-48.28549789999994,-18.94411309999998],[-48.28532329999996,-18.94367219999998],[-48.28527239999994,-18.94340219999998],[-48.28587249999998,-18.943323299999975],[-48.28582869999997,-18.94282529999998],[-48.28592379999998,-18.94119489999997],[-48.28604809999996,-18.940489899999932],[-48.28670749999998,-18.940630299999953],[-48.28760769999997,-18.940822099999934],[-48.28860109999994,-18.941033699999934],[-48.28846999999996,-18.94167729999998],[-48.28820099999996,-18.942997899999966],[-48.28748529999996,-18.94544979999995],[-48.28736909999998,-18.945847699999945],[-48.287352099999964,-18.946638399999927],[-48.28758519999997,-18.947100099999943],[-48.28751529999994,-18.947659699999974],[-48.28681579999994,-18.94894199999993],[-48.28683079999996,-18.949491699999953],[-48.28683189999998,-18.94953359999994],[-48.28605019999998,-18.949544199999934],[-48.285275799999965,-18.949585499999955]]]},"properties":{"CD_SETOR":"317020605001568","UsoSolo":"Área verde"}},
{"type":"Feature","geometry":{"type":"Polygon","coordinates":[[[-48.285275799999965,-18.949585499999955],[-48.28605019999998,-18.949544199999934],[-48.28683189999998,-18.94953359999994],[-48.28683209999997,-18.949538899999936],[-48.28684919999995,-18.949570199999982],[-48.286937199999954,-18.94973109999995],[-48.28703989999997,-18.949927899999977],[-48.287111299999935,-18.950116799999932],[-48.28647459999996,-18.95123899999993],[-48.28548269999993,-18.951453699999945],[-48.28583239999995,-18.951678999999956],[-48.285707799999955,-18.951812299999972],[-48.28523199999995,-18.951865699999928],[-48.28473199999996,-18.951865699999928],[-48.284312599999964,-18.95191909999994],[-48.28390129999997,-18.95209449999993],[-48.283304499999986,-18.952132699999936],[-48.28304639999993,-18.952247099999965],[-48.282626999999934,-18.95251399999995],[-48.28223189999994,-18.952742899999976],[-48.28207809999998,-18.95279839999995],[-48.28198599999996,-18.952831599999968],[-48.28111489999998,-18.95257369999996],[-48.280800599999964,-18.95259249999998],[-48.28055029999996,-18.95265519999998],[-48.279885399999955,-18.95455869999995],[-48.28067149999998,-18.954701799999953],[-48.28090369999995,-18.954830499999957],[-48.281183899999974,-18.95512199999996],[-48.28133559999998,-18.95560279999995],[-48.28138319999994,-18.955753699999946],[-48.28040429999993,-18.956034699999975],[-48.28014319999994,-18.956078099999957],[-48.279827599999976,-18.956069999999954],[-48.279421199999945,-18.956019699999956],[-48.27770099999998,-18.955678899999953],[-48.27669659999998,-18.955587299999934],[-48.274738999999954,-18.955458799999974],[-48.274324099999944,-18.95539649999995],[-48.27420299999994,-18.95538149999993],[-48.27416219999998,-18.955270199999973],[-48.27395109999998,-18.95436079999996],[-48.27374109999994,-18.953083499999934],[-48.27374019999996,-18.953035599999964],[-48.27371819999996,-18.95180149999993],[-48.27371789999995,-18.951750999999945],[-48.274278899999956,-18.95174469999995],[-48.277117799999985,-18.95173669999997],[-48.277869099999975,-18.951620699999978],[-48.27919749999995,-18.951180799999975],[-48.282110899999964,-18.950215899999932],[-48.283365799999956,-18.94980039999996],[-48.28381329999996,-18.949639399999967],[-48.28423099999998,-18.949597799999935],[-48.285275799999965,-18.949585499999955]]]},"properties":{"CD_SETOR":"317020605001630","UsoSolo":"Residencial"}},
{"type":"Feature","geometry":{"type":"Polygon","coordinates":[[[-48.27683799999994,-18.95937179999993],[-48.27613219999995,-18.95851579999993],[-48.275451499999974,-18.95767959999995],[-48.275095799999974,-18.957214299999976],[-48.274709299999984,-18.956568499999946],[-48.274476799999945,-18.956084399999952],[-48.27426829999996,-18.95556019999998],[-48.27420299999994,-18.95538149999993],[-48.274324099999944,-18.95539649999995],[-48.274738999999954,-18.955458799999974],[-48.27669659999998,-18.955587299999934],[-48.27770099999998,-18.955678899999953],[-48.279421199999945,-18.956019699999956],[-48.279827599999976,-18.956069999999954],[-48.279827799999964,-18.956163599999968],[-48.27983429999995,-18.95861249999996],[-48.27692529999996,-18.95934969999996],[-48.27683799999994,-18.95937179999993]]]},"properties":{"CD_SETOR":"317020605001631","UsoSolo":"Shopping"}},
{"type":"Feature","geometry":{"type":"Polygon","coordinates":[[[-48.273653699999954,-18.955635899999947],[-48.27358909999998,-18.95448229999994],[-48.27364609999995,-18.95401929999997],[-48.27374109999994,-18.953083499999934],[-48.27395109999998,-18.95436079999996],[-48.27416219999998,-18.955270199999973],[-48.27420299999994,-18.95538149999993],[-48.27426829999996,-18.95556019999998],[-48.274476799999945,-18.956084399999952],[-48.274709299999984,-18.956568499999946],[-48.275095799999974,-18.957214299999976],[-48.275451499999974,-18.95767959999995],[-48.27613219999995,-18.95851579999993],[-48.27683799999994,-18.95937179999993],[-48.27717739999997,-18.95981919999997],[-48.277590499999974,-18.960363799999982],[-48.278200399999946,-18.96113749999995],[-48.27883239999994,-18.96194849999995],[-48.27892029999998,-18.962053099999935],[-48.27936049999994,-18.962577499999952],[-48.281100599999945,-18.96464969999994],[-48.280597899999975,-18.96476709999996],[-48.27365519999995,-18.966267399999936],[-48.273672199999965,-18.963275799999963],[-48.27369239999996,-18.95972519999998],[-48.27369249999998,-18.95967909999996],[-48.27369349999998,-18.958355299999937],[-48.273812299999975,-18.958321599999977],[-48.27394359999994,-18.95820489999994],[-48.27398999999997,-18.958113599999933],[-48.27398549999998,-18.958026099999927],[-48.27393109999997,-18.957911399999944],[-48.27381819999994,-18.957815799999935],[-48.27366379999995,-18.957776499999966],[-48.273653699999954,-18.955635899999947]]]},"properties":{"CD_SETOR":"317020605001640","UsoSolo":"Vazios urbanos ou outros usos"}},
{"type":"Feature","geometry":{"type":"Polygon","coordinates":[[[-48.273054499999944,-18.97456079999995],[-48.27061889999993,-18.973696399999938],[-48.27002399999998,-18.973323299999947],[-48.26993989999994,-18.97312409999995],[-48.269457399999965,-18.972772799999973],[-48.26929739999997,-18.972689299999956],[-48.26899529999997,-18.972495399999957],[-48.26868349999995,-18.972260999999946],[-48.26861799999995,-18.972172599999965],[-48.26849279999993,-18.971987499999955],[-48.268399699999975,-18.971809699999937],[-48.26810029999996,-18.971447199999943],[-48.26779149999993,-18.971015999999963],[-48.26755549999996,-18.970763199999965],[-48.267155199999934,-18.970501499999955],[-48.26695559999996,-18.970319599999982],[-48.26676829999997,-18.97016789999998],[-48.266563599999984,-18.969998799999928],[-48.266250699999944,-18.969852299999957],[-48.26607299999995,-18.96981119999998],[-48.26600279999997,-18.97002189999995],[-48.26520439999996,-18.969410799999935],[-48.267674699999986,-18.96835599999997],[-48.26869819999996,-18.969195999999954],[-48.269300699999974,-18.96969059999998],[-48.27007759999998,-18.970328199999926],[-48.27008519999998,-18.970333799999935],[-48.27094269999998,-18.97096689999995],[-48.27117649999997,-18.971139499999936],[-48.27161579999995,-18.971438599999942],[-48.27215739999997,-18.97168789999995],[-48.27217919999998,-18.97169619999994],[-48.272617999999966,-18.97186279999994],[-48.273731199999986,-18.972221399999967],[-48.273734099999956,-18.972222099999954],[-48.27426849999995,-18.972359299999937],[-48.274623599999984,-18.972450399999957],[-48.27486159999995,-18.972370999999953],[-48.27510059999997,-18.972291199999972],[-48.27535409999996,-18.972093799999982],[-48.27661599999993,-18.973221199999955],[-48.27659739999996,-18.973226599999975],[-48.275728699999945,-18.97335309999994],[-48.27513339999996,-18.973523599999965],[-48.27474269999993,-18.973714799999982],[-48.274401799999964,-18.97400319999997],[-48.27423229999994,-18.97413739999996],[-48.27380849999997,-18.974473099999955],[-48.27377119999994,-18.974502799999982],[-48.27355759999995,-18.974673199999927],[-48.27328639999996,-18.97464169999995],[-48.273054499999944,-18.97456079999995]]]},"properties":{"CD_SETOR":"317020605001644","UsoSolo":"Vazios urbanos ou outros usos"}},
{"type":"Feature","geometry":{"type":"Polygon","coordinates":[[[-48.28171839999993,-18.97872669999998],[-48.283975699999985,-18.974688199999946],[-48.28338639999998,-18.97502739999993],[-48.28248139999994,-18.975466499999982],[-48.28181979999994,-18.975687799999946],[-48.28146229999993,-18.97597589999998],[-48.28022059999995,-18.97444969999998],[-48.278629999999964,-18.973938499999974],[-48.28033739999995,-18.973099699999977],[-48.28462229999997,-18.96868189999998],[-48.28701989999996,-18.971588099999963],[-48.28768409999998,-18.97239369999994],[-48.287748499999964,-18.972464799999955],[-48.288693799999976,-18.973509099999944],[-48.28989519999993,-18.974477999999976],[-48.29081419999994,-18.975111899999945],[-48.29078139999996,-18.975152099999946],[-48.290273499999955,-18.97577569999993],[-48.28985899999998,-18.976037899999938],[-48.28946199999996,-18.97627259999996],[-48.288580499999966,-18.976399999999956],[-48.287873899999965,-18.976444899999933],[-48.28745449999997,-18.97651039999994],[-48.28719829999994,-18.97675709999993],[-48.286780799999974,-18.976823499999966],[-48.28649849999994,-18.976626599999975],[-48.286185399999965,-18.97639419999996],[-48.285753599999964,-18.976313499999947],[-48.28540259999994,-18.97648429999998],[-48.285141599999974,-18.97666929999997],[-48.284842699999956,-18.976996699999972],[-48.28425439999995,-18.977869599999963],[-48.284050399999956,-18.978372499999978],[-48.28358919999994,-18.97972569999996],[-48.283340899999985,-18.97968629999997],[-48.283064499999966,-18.979450699999973],[-48.283033399999965,-18.97934769999995],[-48.282916599999965,-18.97918569999996],[-48.28279589999994,-18.979097399999944],[-48.282717899999966,-18.979077699999948],[-48.282651699999974,-18.979060999999945],[-48.28171839999993,-18.97872669999998]]]},"properties":{"CD_SETOR":"317020605001665","UsoSolo":"Área de lazer"}},
{"type":"Feature","geometry":{"type":"Polygon","coordinates":[[[-48.23459839999998,-18.89337999999998],[-48.23554759999996,-18.892705299999932],[-48.236037099999976,-18.89337359999996],[-48.23505239999997,-18.89404819999993],[-48.234632799999986,-18.893428399999948],[-48.23459839999998,-18.89337999999998]]]},"properties":{"CD_SETOR":"317020605001701","UsoSolo":"Igreja (acolhimento familiar)"}},
{"type":"Feature","geometry":{"type":"Polygon","coordinates":[[[-48.28608459999998,-18.914748199999963],[-48.28493219999996,-18.914404799999943],[-48.28520589999994,-18.91350259999996],[-48.28527909999997,-18.91352299999994],[-48.285415599999965,-18.913561199999947],[-48.28637939999993,-18.91383099999996],[-48.28608459999998,-18.914748199999963]]]},"properties":{"CD_SETOR":"317020605001702","UsoSolo":"Hospital"}},
{"type":"Feature","geometry":{"type":"Polygon","coordinates":[[[-48.280539799999985,-18.916330699999946],[-48.280417399999976,-18.916399499999955],[-48.28018829999996,-18.91652819999996],[-48.280098399999986,-18.916381799999954],[-48.28031949999996,-18.916243599999973],[-48.280435599999976,-18.91617109999993],[-48.280539799999985,-18.916330699999946]]]},"properties":{"CD_SETOR":"317020605001703","UsoSolo":"Hospital"}},
{"type":"Feature","geometry":{"type":"Polygon","coordinates":[[[-48.28081549999996,-18.920064399999944],[-48.28087809999994,-18.92002519999994],[-48.28122689999998,-18.91980639999997],[-48.28139669999996,-18.92007099999995],[-48.28169219999995,-18.919890599999974],[-48.28176999999994,-18.919993099999942],[-48.28133489999993,-18.920291499999962],[-48.281221899999935,-18.92015129999993],[-48.28104969999998,-18.920263399999953],[-48.28099039999995,-18.92030189999997],[-48.28081549999996,-18.920064399999944]]]},"properties":{"CD_SETOR":"317020605001704","UsoSolo":"Hospital"}},
{"type":"Feature","geometry":{"type":"Polygon","coordinates":[[[-48.28540689999994,-18.93163439999995],[-48.286465799999974,-18.931550799999968],[-48.286461799999984,-18.93192899999997],[-48.28599359999998,-18.931930799999975],[-48.285983499999986,-18.93226519999996],[-48.28588499999995,-18.932258499999932],[-48.28589649999998,-18.931968799999936],[-48.28565249999997,-18.931974999999966],[-48.28563969999993,-18.932261799999935],[-48.285375699999975,-18.93224209999994],[-48.28540689999994,-18.93163439999995]]]},"properties":{"CD_SETOR":"317020605001705","UsoSolo":"Hospital"}},
{"type":"Feature","geometry":{"type":"Polygon","coordinates":[[[-48.237544499999956,-18.928903899999966],[-48.23706189999996,-18.927194399999962],[-48.23776639999994,-18.927014399999962],[-48.23912119999994,-18.92666829999996],[-48.23961719999994,-18.92837869999994],[-48.237544499999956,-18.928903899999966]]]},"properties":{"CD_SETOR":"317020605001706","UsoSolo":"Hospital"}},
{"type":"Feature","geometry":{"type":"Polygon","coordinates":[[[-48.28457199999997,-18.92597999999998],[-48.28453239999993,-18.92602249999993],[-48.28409289999996,-18.926021499999933],[-48.28412439999994,-18.925556399999948],[-48.28454009999996,-18.925555999999972],[-48.284550999999965,-18.925537899999938],[-48.28458439999997,-18.92548919999996],[-48.28457199999997,-18.92597999999998]]]},"properties":{"CD_SETOR":"317020605001707","UsoSolo":"Misto não residencial"}},
{"type":"Feature","geometry":{"type":"Polygon","coordinates":[[[-48.28515699999997,-18.871665999999948],[-48.285232399999984,-18.871615899999938],[-48.28523969999998,-18.87172259999994],[-48.28526599999998,-18.872104499999978],[-48.28527969999993,-18.87219689999995],[-48.285329899999965,-18.87221569999997],[-48.28544279999994,-18.872190599999954],[-48.28556199999997,-18.87212169999998],[-48.28568109999998,-18.872077799999943],[-48.28574389999994,-18.872146699999973],[-48.28573129999995,-18.87220949999994],[-48.28577519999993,-18.872221999999965],[-48.28576889999994,-18.872297299999957],[-48.28575639999997,-18.872328599999946],[-48.285825399999965,-18.872428999999954],[-48.28602609999996,-18.87244149999998],[-48.28610759999998,-18.872435199999927],[-48.286138999999935,-18.87251679999997],[-48.28621739999994,-18.87250229999995],[-48.28630829999997,-18.87248539999996],[-48.28637729999997,-18.872573199999977],[-48.28653979999996,-18.872671899999943],[-48.28666519999996,-18.872754699999973],[-48.286759899999936,-18.872704899999974],[-48.28684769999995,-18.872704899999974],[-48.28686019999998,-18.872811599999977],[-48.28696689999998,-18.872824099999946],[-48.28704179999994,-18.87293829999993],[-48.28717379999995,-18.87298089999996],[-48.287242799999945,-18.87307499999997],[-48.28731179999994,-18.87311889999995],[-48.28737449999994,-18.873187799999982],[-48.28753759999995,-18.873212999999964],[-48.287650499999984,-18.87326939999997],[-48.28772569999995,-18.87334469999996],[-48.28786999999994,-18.873407399999962],[-48.28793269999994,-18.873532799999964],[-48.288026799999955,-18.87366449999996],[-48.28817729999997,-18.87375229999998],[-48.288233799999944,-18.873865199999955],[-48.28845329999996,-18.873984399999927],[-48.288478399999974,-18.87407849999994],[-48.28854729999995,-18.87414119999994],[-48.288616299999944,-18.87415999999996],[-48.288696899999934,-18.87429629999997],[-48.28874799999994,-18.874360699999954],[-48.288829599999985,-18.874423399999955],[-48.28889859999998,-18.874542599999927],[-48.28895499999993,-18.874567699999943],[-48.28892989999997,-18.874661699999933],[-48.28898639999994,-18.87473069999993],[-48.28899889999997,-18.874799699999983],[-48.289205899999956,-18.874874999999975],[-48.28928119999995,-18.875063099999977],[-48.28939399999996,-18.875169699999958],[-48.28932819999994,-18.875455099999954],[-48.28941599999996,-18.875580599999978],[-48.289516299999946,-18.87554289999997],[-48.28956649999998,-18.875467699999945],[-48.28956889999995,-18.87546709999998],[-48.28972959999993,-18.875429999999938],[-48.28988009999995,-18.875680899999963],[-48.28993029999998,-18.87583139999998],[-48.29004319999996,-18.87591919999994],[-48.29023129999996,-18.876044699999966],[-48.29029399999996,-18.876207699999952],[-48.29029399999996,-18.87630809999996],[-48.29038189999994,-18.87638329999993],[-48.29051979999997,-18.876471099999947],[-48.290569999999946,-18.87655899999993],[-48.290569999999946,-18.87665929999997],[-48.29065779999996,-18.87683489999995],[-48.29075819999997,-18.87696029999995],[-48.29082089999997,-18.87696029999995],[-48.290854999999965,-18.877040499999964],[-48.290840799999955,-18.877120799999943],[-48.29070479999996,-18.877155999999957],[-48.29050879999994,-18.877151199999957],[-48.29029369999995,-18.87717989999993],[-48.29007379999996,-18.877194199999963],[-48.28987779999994,-18.877198999999962],[-48.28967869999997,-18.877305199999967],[-48.28961489999995,-18.877318499999944],[-48.289471499999934,-18.877399799999978],[-48.28942029999996,-18.877440899999954],[-48.28937109999998,-18.87748579999993],[-48.289304899999934,-18.877533299999982],[-48.28914249999997,-18.877644699999962],[-48.28905039999995,-18.877703999999937],[-48.28904709999995,-18.877709599999946],[-48.28900319999997,-18.877783299999976],[-48.288829299999975,-18.877692099999933],[-48.28853049999998,-18.877593099999956],[-48.28819439999995,-18.877531999999974],[-48.28775449999995,-18.87753319999996],[-48.287444499999935,-18.877575899999954],[-48.28712389999998,-18.87766759999994],[-48.28673329999998,-18.87784069999998],[-48.28612689999994,-18.878208099999938],[-48.28370719999998,-18.87487529999993],[-48.28459259999994,-18.872040999999967],[-48.28515699999997,-18.871665999999948]]]},"properties":{"CD_SETOR":"317020605001715","UsoSolo":"Área verde"}},
{"type":"Feature","geometry":{"type":"Polygon","coordinates":[[[-48.21255699999995,-18.937536699999953],[-48.21229349999993,-18.937494499999957],[-48.21255949999994,-18.93735369999996],[-48.21357879999994,-18.93677059999993],[-48.21433479999996,-18.936087999999927],[-48.21494579999995,-18.935285299999975],[-48.21546009999997,-18.93459789999997],[-48.215938999999935,-18.93366889999993],[-48.21628969999995,-18.93270199999995],[-48.21644009999994,-18.93179669999995],[-48.21653779999997,-18.93117499999994],[-48.21686609999995,-18.92904079999994],[-48.21755479999996,-18.924709099999973],[-48.21757359999998,-18.92458979999998],[-48.21758449999993,-18.92459159999993],[-48.22062079999995,-18.925053999999932],[-48.221577099999934,-18.925238699999966],[-48.22157619999996,-18.925243999999964],[-48.221438399999954,-18.92611169999998],[-48.22140919999998,-18.92637929999995],[-48.22132959999993,-18.927108999999973],[-48.22074229999998,-18.93108289999998],[-48.22012019999994,-18.934884099999977],[-48.21949879999994,-18.938465099999974],[-48.21255699999995,-18.937536699999953]]]},"properties":{"CD_SETOR":"317020605001716","UsoSolo":"Empreendimento de porte"}},
{"type":"Feature","geometry":{"type":"Polygon","coordinates":[[[-48.27045439999995,-18.952562899999975],[-48.27100459999997,-18.95229949999998],[-48.27190909999996,-18.95200829999993],[-48.272739799999954,-18.951818299999957],[-48.27371819999996,-18.95180149999993],[-48.27374019999996,-18.953035599999964],[-48.27356709999998,-18.95305579999996],[-48.272875699999986,-18.95313639999995],[-48.27164719999996,-18.95392039999996],[-48.27041719999994,-18.95452729999994],[-48.27044189999998,-18.952685299999928],[-48.27044349999994,-18.95256779999994],[-48.27045439999995,-18.952562899999975]]]},"properties":{"CD_SETOR":"317020605001718","UsoSolo":"Misto não residencial"}},
{"type":"Feature","geometry":{"type":"Polygon","coordinates":[[[-48.26544779999995,-18.951575799999944],[-48.26458199999996,-18.95025329999993],[-48.264523699999984,-18.950152199999934],[-48.26441959999994,-18.950185699999963],[-48.264301099999955,-18.95017619999993],[-48.26418219999994,-18.950100299999974],[-48.264133999999956,-18.949976599999957],[-48.26415739999993,-18.949846199999968],[-48.26421709999994,-18.94975809999994],[-48.26430019999998,-18.949725099999966],[-48.264390599999956,-18.949712099999942],[-48.264471999999955,-18.949735799999928],[-48.264562299999966,-18.949780399999952],[-48.26459059999996,-18.949813999999947],[-48.267767299999946,-18.947684599999945],[-48.26835689999996,-18.947320899999966],[-48.268394899999976,-18.947373999999968],[-48.27013629999993,-18.94980259999994],[-48.27026109999997,-18.949709499999926],[-48.270314499999984,-18.94995149999994],[-48.27041559999998,-18.950409499999978],[-48.270451899999955,-18.95242509999997],[-48.27045439999995,-18.952562899999975],[-48.27044349999994,-18.95256779999994],[-48.27040219999998,-18.952586399999973],[-48.269987199999946,-18.952796699999965],[-48.26950409999995,-18.95316619999994],[-48.26903809999993,-18.953495799999928],[-48.26865159999994,-18.953626499999928],[-48.26824799999997,-18.95365499999997],[-48.268227199999956,-18.953650899999957],[-48.268881799999974,-18.952858999999933],[-48.26890579999997,-18.952779499999963],[-48.26882969999997,-18.95261279999994],[-48.26872559999998,-18.95251429999996],[-48.26865349999997,-18.95248399999997],[-48.268613399999936,-18.95244619999994],[-48.26861139999994,-18.952446099999975],[-48.26862149999994,-18.952393099999938],[-48.26873759999995,-18.95231739999997],[-48.26880169999998,-18.95231739999997],[-48.26886179999997,-18.95224539999998],[-48.26934229999995,-18.95191589999996],[-48.26936239999998,-18.95187039999996],[-48.26937039999996,-18.951631799999973],[-48.26933029999998,-18.951590099999976],[-48.26881769999994,-18.95134769999993],[-48.268705599999976,-18.951343899999927],[-48.26861749999995,-18.951374199999975],[-48.26758819999998,-18.95205599999997],[-48.26754409999995,-18.952135599999963],[-48.26756339999997,-18.952203899999972],[-48.26752799999997,-18.952260399999943],[-48.26685249999997,-18.953171599999962],[-48.26676399999997,-18.953290899999956],[-48.26659409999996,-18.953205999999966],[-48.26646479999994,-18.953056799999956],[-48.26647899999995,-18.952954399999953],[-48.26648179999995,-18.952883399999962],[-48.26646479999994,-18.95280379999997],[-48.26641929999994,-18.952755499999967],[-48.26635109999995,-18.952724299999943],[-48.26625729999995,-18.952709999999968],[-48.26617769999996,-18.95272989999995],[-48.26608109999995,-18.952570799999933],[-48.26544779999995,-18.951575799999944]]]},"properties":{"CD_SETOR":"317020605001722","UsoSolo":"Vazios urbanos ou outros usos"}},
{"type":"Feature","geometry":{"type":"Polygon","coordinates":[[[-48.27597049999997,-18.97783819999995],[-48.277063399999975,-18.97696259999998],[-48.27717789999997,-18.97690289999997],[-48.277315499999986,-18.97693179999993],[-48.27794159999996,-18.977429899999947],[-48.27803519999998,-18.97751429999994],[-48.277103899999986,-18.97945109999995],[-48.27710039999994,-18.97944309999997],[-48.27672409999997,-18.978843799999936],[-48.27606119999996,-18.977959299999952],[-48.27597049999997,-18.97783819999995]]]},"properties":{"CD_SETOR":"317020605001779","UsoSolo":"Vazios urbanos ou outros usos"}},
{"type":"Feature","geometry":{"type":"Polygon","coordinates":[[[-48.273054499999944,-18.97456079999995],[-48.27328639999996,-18.97464169999995],[-48.27355759999995,-18.974673199999927],[-48.27377119999994,-18.974502799999982],[-48.27382189999997,-18.975168699999927],[-48.274544599999956,-18.97527189999994],[-48.27477659999994,-18.975355999999977],[-48.274949299999946,-18.975515599999937],[-48.275247999999976,-18.976385799999946],[-48.275654799999984,-18.977399099999957],[-48.27597049999997,-18.97783819999995],[-48.27545379999998,-18.978258899999958],[-48.275057499999946,-18.978464499999973],[-48.274688099999935,-18.978572799999938],[-48.274744399999975,-18.978822899999955],[-48.27331379999998,-18.978236799999934],[-48.272028199999966,-18.977742999999975],[-48.273054499999944,-18.97456079999995]]]},"properties":{"CD_SETOR":"317020605001780","UsoSolo":"Vazios urbanos ou outros usos"}},
{"type":"Feature","geometry":{"type":"Polygon","coordinates":[[[-48.32577679999997,-18.909911199999954],[-48.32720139999998,-18.90883409999998],[-48.327490599999976,-18.909169599999927],[-48.32790749999998,-18.909589799999935],[-48.32788249999993,-18.911473399999977],[-48.329701299999954,-18.911436399999957],[-48.331062799999984,-18.912864999999954],[-48.33020299999998,-18.91365589999998],[-48.32873999999998,-18.914980899999932],[-48.32822989999994,-18.91445719999996],[-48.33003529999996,-18.912851099999955],[-48.32955649999997,-18.912377599999957],[-48.328372799999954,-18.912366899999938],[-48.328372799999954,-18.91332719999997],[-48.327710399999944,-18.91392389999993],[-48.32633509999994,-18.912512099999958],[-48.326193899999964,-18.91246099999995],[-48.326005599999974,-18.912474499999973],[-48.325896599999965,-18.912547099999927],[-48.32431859999997,-18.911013499999967],[-48.32577679999997,-18.909911199999954]]]},"properties":{"CD_SETOR":"317020605001783","UsoSolo":"Empreendimento de porte"}},
{"type":"Feature","geometry":{"type":"Polygon","coordinates":[[[-48.38083569999998,-18.975043699999958],[-48.379998899999975,-18.975029399999983],[-48.37998719999996,-18.97493369999995],[-48.37984449999993,-18.973721699999942],[-48.37980159999995,-18.97369199999997],[-48.37709159999997,-18.97365899999994],[-48.37588929999998,-18.97428649999995],[-48.37527709999995,-18.97473329999997],[-48.37458799999996,-18.975331899999958],[-48.374062899999956,-18.975632399999938],[-48.37400669999994,-18.97571499999998],[-48.374014099999954,-18.97621349999997],[-48.37034509999995,-18.976149799999973],[-48.370408199999986,-18.976097299999935],[-48.370434699999976,-18.97605109999995],[-48.37042809999997,-18.975981699999977],[-48.370147299999985,-18.975539099999935],[-48.36963869999994,-18.975539099999935],[-48.369186199999945,-18.97480669999993],[-48.36953299999993,-18.974621799999966],[-48.36958579999998,-18.97455569999994],[-48.369605699999966,-18.97444669999993],[-48.36959239999993,-18.97429889999995],[-48.369087099999945,-18.97341709999995],[-48.37165349999998,-18.973352399999953],[-48.371828499999936,-18.973337799999968],[-48.37197709999998,-18.973301499999934],[-48.37217879999997,-18.97320069999995],[-48.372762799999975,-18.97277159999993],[-48.37277029999996,-18.972766099999944],[-48.37316199999998,-18.972516199999973],[-48.373244599999964,-18.97249309999995],[-48.373954699999956,-18.972496399999955],[-48.37406699999997,-18.972476599999936],[-48.37529729999994,-18.971597199999962],[-48.37558949999993,-18.971424799999966],[-48.37610319999993,-18.971121599999947],[-48.37633679999993,-18.97086879999995],[-48.376449599999944,-18.97067459999994],[-48.37649289999996,-18.970543599999928],[-48.376545799999974,-18.970280999999943],[-48.37647479999998,-18.96984029999993],[-48.37647359999994,-18.96983369999998],[-48.376459899999986,-18.969759099999976],[-48.376360799999986,-18.969584899999973],[-48.37599749999998,-18.96912249999997],[-48.37564409999993,-18.968673299999978],[-48.37552189999997,-18.96838349999996],[-48.375464799999975,-18.96819409999995],[-48.37544589999993,-18.968043299999977],[-48.37542609999997,-18.967691599999966],[-48.37548229999993,-18.96727869999995],[-48.375501499999984,-18.967210399999942],[-48.375518599999964,-18.96714989999998],[-48.375498799999946,-18.96707719999995],[-48.37516849999997,-18.96673039999996],[-48.37502649999993,-18.966634599999963],[-48.37441209999997,-18.96635059999994],[-48.374010699999985,-18.96614909999994],[-48.374382399999945,-18.965679299999977],[-48.37552629999993,-18.963908799999956],[-48.383403699999974,-18.968303599999956],[-48.382335499999954,-18.970153599999946],[-48.38212429999993,-18.97076389999995],[-48.38198749999998,-18.970863099999974],[-48.38202609999996,-18.97114259999995],[-48.381521599999985,-18.971762299999966],[-48.38158309999994,-18.972386899999947],[-48.381307499999934,-18.97333759999998],[-48.38083569999998,-18.975043699999958]]]},"properties":{"CD_SETOR":"317020605001812","UsoSolo":"Vazios urbanos ou outros usos"}},
{"type":"Feature","geometry":{"type":"Polygon","coordinates":[[[-48.38083569999998,-18.975043699999958],[-48.381307499999934,-18.97333759999998],[-48.38158309999994,-18.972386899999947],[-48.381521599999985,-18.971762299999966],[-48.38202609999996,-18.97114259999995],[-48.38198749999998,-18.970863099999974],[-48.38212429999993,-18.97076389999995],[-48.382335499999954,-18.970153599999946],[-48.383403699999974,-18.968303599999956],[-48.394393699999966,-18.97447559999995],[-48.396526999999935,-18.975643499999933],[-48.39826539999996,-18.976659299999938],[-48.39733419999993,-18.97935199999995],[-48.39677569999998,-18.97903679999996],[-48.39691349999998,-18.978610299999957],[-48.39671529999998,-18.976536099999976],[-48.39663609999997,-18.976417199999958],[-48.39505729999996,-18.97553869999996],[-48.394271199999935,-18.97510269999998],[-48.39411929999994,-18.97510269999998],[-48.39388809999997,-18.975188499999945],[-48.39382859999995,-18.97525459999997],[-48.39365689999994,-18.97569059999995],[-48.39355119999993,-18.975994399999934],[-48.39343889999998,-18.976166199999966],[-48.39333979999998,-18.976271899999972],[-48.393115199999954,-18.97639739999994],[-48.392943499999944,-18.97645019999993],[-48.392623399999934,-18.976443399999937],[-48.392414299999984,-18.97638479999995],[-48.39228629999997,-18.97631519999993],[-48.39218379999994,-18.976245499999948],[-48.391741199999956,-18.975697199999956],[-48.39163209999998,-18.97555179999995],[-48.38961919999997,-18.972805499999936],[-48.389346699999976,-18.972326599999974],[-48.38669259999995,-18.970811899999944],[-48.385488899999984,-18.97014669999993],[-48.38377639999993,-18.97010219999993],[-48.38361789999993,-18.970194599999957],[-48.38353859999995,-18.970267299999932],[-48.38350559999998,-18.970392799999956],[-48.38349699999998,-18.97057719999998],[-48.383479199999954,-18.970960899999966],[-48.383413099999984,-18.971211899999957],[-48.38314639999993,-18.971812899999975],[-48.382864799999936,-18.972447199999976],[-48.38279709999995,-18.973011999999983],[-48.38279649999998,-18.973019299999976],[-48.382633699999985,-18.974973499999976],[-48.38145339999994,-18.975053499999945],[-48.38083569999998,-18.975043699999958]]]},"properties":{"CD_SETOR":"317020605001816","UsoSolo":"Vazios urbanos ou outros usos"}},
{"type":"Feature","geometry":{"type":"Polygon","coordinates":[[[-48.28604809999996,-18.940489899999932],[-48.28542519999996,-18.940355099999977],[-48.28541889999997,-18.940353699999946],[-48.286154299999964,-18.93813149999994],[-48.28641559999994,-18.93781999999993],[-48.28681899999998,-18.93796599999996],[-48.28728659999996,-18.93767219999995],[-48.287248799999986,-18.93792149999996],[-48.28825709999995,-18.93812669999994],[-48.28798599999993,-18.939252099999976],[-48.287086199999976,-18.939079299999946],[-48.28670749999998,-18.940630299999953],[-48.28604809999996,-18.940489899999932]]]},"properties":{"CD_SETOR":"317020605001841","UsoSolo":"Misto não residencial"}},
{"type":"Feature","geometry":{"type":"Polygon","coordinates":[[[-48.22958669999997,-18.97285059999996],[-48.232087899999954,-18.97326469999996],[-48.234506299999964,-18.97363189999993],[-48.234515699999974,-18.973633099999972],[-48.24012329999994,-18.974347399999942],[-48.24019009999995,-18.97431169999993],[-48.24027559999996,-18.97353869999995],[-48.24025029999996,-18.973361599999976],[-48.24019199999998,-18.973240499999974],[-48.24007439999997,-18.97302039999994],[-48.23943479999997,-18.972285799999952],[-48.239295099999936,-18.972156499999983],[-48.239017299999944,-18.97205219999995],[-48.23492889999994,-18.970566799999972],[-48.234418999999946,-18.97007069999995],[-48.23416229999998,-18.969830799999954],[-48.233893799999976,-18.969462999999962],[-48.23379339999997,-18.96927089999997],[-48.233762199999944,-18.96904379999995],[-48.233806699999946,-18.968838999999946],[-48.233885199999975,-18.968667899999957],[-48.23413629999993,-18.96849169999996],[-48.23453699999993,-18.968440199999975],[-48.234750599999984,-18.966805299999976],[-48.23574139999994,-18.966871499999968],[-48.23655259999998,-18.966925599999968],[-48.23673659999997,-18.965479399999936],[-48.23854329999995,-18.966149799999982],[-48.23817049999997,-18.96704989999995],[-48.24020699999994,-18.967206399999952],[-48.24065969999998,-18.96603829999998],[-48.240771999999936,-18.966077799999937],[-48.24259129999996,-18.96674319999994],[-48.24268039999998,-18.966521599999965],[-48.243533199999945,-18.96439909999998],[-48.24433399999998,-18.964678599999957],[-48.243470299999956,-18.96680329999998],[-48.243561099999965,-18.966827399999943],[-48.243975199999966,-18.966582399999936],[-48.244324699999936,-18.966525299999944],[-48.24464759999995,-18.966551299999935],[-48.244840899999986,-18.966664799999933],[-48.24506169999995,-18.966876299999967],[-48.24515519999994,-18.967049999999972],[-48.245213099999944,-18.967352799999958],[-48.245244199999945,-18.96768549999996],[-48.245235599999944,-18.96768149999997],[-48.24505629999993,-18.967805099999964],[-48.24481819999994,-18.968297199999938],[-48.24453259999996,-18.968522399999927],[-48.24427859999997,-18.968960899999956],[-48.243835299999944,-18.969848799999966],[-48.24371199999996,-18.970144199999936],[-48.24366549999996,-18.97076949999996],[-48.24350169999997,-18.971110299999964],[-48.24337479999997,-18.971646799999974],[-48.243375199999946,-18.972117399999945],[-48.24359679999998,-18.972920899999963],[-48.24383549999993,-18.973511299999927],[-48.24411679999997,-18.974018099999967],[-48.24423279999996,-18.974399999999946],[-48.24443069999995,-18.974703499999976],[-48.24459889999997,-18.97500119999995],[-48.247808299999974,-18.975414199999932],[-48.248668399999985,-18.975450099999932],[-48.248721699999976,-18.975740799999983],[-48.24800719999996,-18.975734299999942],[-48.24668779999996,-18.975583599999936],[-48.240142299999945,-18.97468729999997],[-48.229516099999955,-18.97323229999995],[-48.22958669999997,-18.97285059999996]]]},"properties":{"CD_SETOR":"317020605001846","UsoSolo":"Vazios urbanos ou outros usos"}},
{"type":"Feature","geometry":{"type":"Polygon","coordinates":[[[-48.245244199999945,-18.96768549999996],[-48.245213099999944,-18.967352799999958],[-48.24515519999994,-18.967049999999972],[-48.24506169999995,-18.966876299999967],[-48.244840899999986,-18.966664799999933],[-48.24464759999995,-18.966551299999935],[-48.244324699999936,-18.966525299999944],[-48.243975199999966,-18.966582399999936],[-48.243561099999965,-18.966827399999943],[-48.243470299999956,-18.96680329999998],[-48.24433399999998,-18.964678599999957],[-48.245543699999985,-18.96510089999998],[-48.246223999999984,-18.965357899999958],[-48.25020059999997,-18.96661629999994],[-48.25014909999993,-18.96688419999998],[-48.249761399999954,-18.969254499999977],[-48.245934799999986,-18.968127599999946],[-48.24552429999994,-18.96781539999995],[-48.245244199999945,-18.96768549999996]]]},"properties":{"CD_SETOR":"317020605001848","UsoSolo":"Residencial"}},
{"type":"Feature","geometry":{"type":"Polygon","coordinates":[[[-48.27792249999993,-18.967039799999952],[-48.280868099999964,-18.966471499999955],[-48.280456399999935,-18.96689189999995],[-48.278071899999986,-18.967369099999928],[-48.27792249999993,-18.967039799999952]]]},"properties":{"CD_SETOR":"317020605001858","UsoSolo":"Residencial"}},
{"type":"Feature","geometry":{"type":"Polygon","coordinates":[[[-48.27377119999994,-18.974502799999982],[-48.27380849999997,-18.974473099999955],[-48.27423229999994,-18.97413739999996],[-48.27431279999996,-18.974159399999962],[-48.274390799999935,-18.974180599999954],[-48.276229099999966,-18.974681999999973],[-48.27682859999993,-18.97504269999996],[-48.27691699999997,-18.975079499999936],[-48.27759519999995,-18.975368999999944],[-48.27803529999994,-18.975681399999928],[-48.278358399999945,-18.976156199999934],[-48.27858949999995,-18.976405899999975],[-48.27898899999997,-18.976837199999977],[-48.27946129999998,-18.97731349999998],[-48.27951059999998,-18.977341499999966],[-48.27959229999993,-18.977345199999945],[-48.27975189999995,-18.977415099999973],[-48.27994649999994,-18.977404099999944],[-48.28015659999994,-18.977321899999936],[-48.280440899999974,-18.977404099999944],[-48.28064329999995,-18.977761199999975],[-48.28127779999994,-18.978547099999957],[-48.281618299999934,-18.978683199999978],[-48.28171839999993,-18.97872669999998],[-48.28146389999995,-18.97927629999998],[-48.28118949999998,-18.979128299999957],[-48.280679599999985,-18.978780599999936],[-48.28039229999996,-18.97860099999997],[-48.28013029999994,-18.97857529999993],[-48.279484099999934,-18.97866199999993],[-48.279447999999945,-18.97866689999995],[-48.27897709999996,-18.97835159999994],[-48.27897489999998,-18.978349699999967],[-48.27851539999995,-18.977946999999972],[-48.278503299999954,-18.977936099999965],[-48.27803519999998,-18.97751429999994],[-48.27794159999996,-18.977429899999947],[-48.277315499999986,-18.97693179999993],[-48.27717789999997,-18.97690289999997],[-48.277063399999975,-18.97696259999998],[-48.27597049999997,-18.97783819999995],[-48.275654799999984,-18.977399099999957],[-48.275247999999976,-18.976385799999946],[-48.274949299999946,-18.975515599999937],[-48.27477659999994,-18.975355999999977],[-48.274544599999956,-18.97527189999994],[-48.27382189999997,-18.975168699999927],[-48.27377119999994,-18.974502799999982]]]},"properties":{"CD_SETOR":"317020605001862","UsoSolo":"Área verde"}},
{"type":"Feature","geometry":{"type":"Polygon","coordinates":[[[-48.321635399999934,-18.955493399999966],[-48.32193349999994,-18.95405429999994],[-48.32484279999994,-18.954589599999963],[-48.32481809999996,-18.95540529999994],[-48.32481729999995,-18.955435299999976],[-48.32476099999997,-18.95542439999997],[-48.32346759999996,-18.955174299999953],[-48.323325899999986,-18.955840699999953],[-48.32476479999997,-18.95612399999993],[-48.32479909999995,-18.956130799999983],[-48.32479779999994,-18.95617989999994],[-48.32485399999996,-18.957728199999963],[-48.32226829999996,-18.957245399999977],[-48.32259639999995,-18.955670099999963],[-48.321635399999934,-18.955493399999966]]]},"properties":{"CD_SETOR":"317020605001864","UsoSolo":"Misto (lazer, resid. religio)"}},
{"type":"Feature","geometry":{"type":"Polygon","coordinates":[[[-48.30733379999998,-18.970717399999955],[-48.30708679999998,-18.970884099999978],[-48.30681949999996,-18.971008799999936],[-48.306498999999974,-18.97125319999998],[-48.30639189999994,-18.971329499999968],[-48.30594649999995,-18.97154329999995],[-48.304236199999934,-18.97172139999998],[-48.30364829999996,-18.97197079999995],[-48.30352359999995,-18.971846099999937],[-48.303398899999934,-18.971561099999974],[-48.303309799999965,-18.971293799999955],[-48.30314939999994,-18.97102659999996],[-48.30281089999994,-18.971044399999982],[-48.302579299999934,-18.971311699999944],[-48.30229429999997,-18.971151299999974],[-48.30154599999997,-18.971115699999928],[-48.30118969999995,-18.971079999999972],[-48.30090459999997,-18.97099099999997],[-48.300548299999946,-18.97106219999995],[-48.30012069999998,-18.971204799999953],[-48.29976439999996,-18.971400699999947],[-48.29937239999998,-18.971275999999932],[-48.29908739999996,-18.97116909999994],[-48.298748899999964,-18.971293799999955],[-48.298036199999956,-18.970901899999944],[-48.29778679999998,-18.970812799999976],[-48.29743049999996,-18.97077719999993],[-48.29689599999995,-18.970563399999946],[-48.29662879999995,-18.970296099999928],[-48.296201199999985,-18.97017139999997],[-48.29580919999995,-18.97024269999997],[-48.29552419999993,-18.970082299999945],[-48.29534599999994,-18.969939799999963],[-48.29500749999994,-18.97002889999993],[-48.29475809999997,-18.969797299999982],[-48.29482929999995,-18.969423199999937],[-48.29463339999995,-18.969351899999936],[-48.29434829999997,-18.969316299999946],[-48.293991999999946,-18.96912029999993],[-48.29390289999998,-18.969351899999936],[-48.29368909999994,-18.969494399999974],[-48.293444799999975,-18.96962309999998],[-48.29304229999997,-18.97013899999996],[-48.29295769999993,-18.97024739999995],[-48.292947899999945,-18.97006639999995],[-48.292867799999954,-18.96859939999996],[-48.29283039999996,-18.967011299999967],[-48.29263559999998,-18.96571289999997],[-48.292443299999945,-18.964871399999936],[-48.291971399999966,-18.964212199999963],[-48.29097509999997,-18.962806399999977],[-48.29089019999998,-18.96225709999993],[-48.29130219999996,-18.960426799999937],[-48.291434599999945,-18.95984249999998],[-48.291466999999955,-18.95888119999995],[-48.29130969999994,-18.958097099999975],[-48.29113739999997,-18.957844999999963],[-48.29085029999993,-18.95714829999997],[-48.29072789999998,-18.95619199999993],[-48.290705499999945,-18.95531049999994],[-48.29076289999995,-18.95518069999997],[-48.29095449999994,-18.954786499999955],[-48.29123189999996,-18.954247299999963],[-48.291481999999974,-18.95376989999994],[-48.291986399999985,-18.953030799999965],[-48.29235099999994,-18.951986999999974],[-48.29231599999997,-18.951584999999966],[-48.29201219999993,-18.95123049999995],[-48.292483199999936,-18.951009099999965],[-48.29490529999998,-18.95042849999993],[-48.295088799999974,-18.950419299999965],[-48.29515269999996,-18.950411299999928],[-48.295241199999964,-18.950400099999968],[-48.29523779999994,-18.950554099999977],[-48.29515619999995,-18.95075909999997],[-48.294331599999964,-18.95151459999994],[-48.29399129999996,-18.951870999999983],[-48.293703999999934,-18.952402699999936],[-48.29231609999994,-18.95507239999995],[-48.29211479999998,-18.95508899999993],[-48.29197149999993,-18.955252899999948],[-48.291975699999966,-18.95536089999996],[-48.29200089999995,-18.95546369999994],[-48.292074799999966,-18.955536199999926],[-48.29212819999998,-18.95556289999996],[-48.292033799999956,-18.955970199999967],[-48.29203899999993,-18.956214299999942],[-48.29221649999994,-18.957005399999957],[-48.29275769999998,-18.95806289999996],[-48.29267729999998,-18.96089889999996],[-48.29259989999997,-18.961251499999946],[-48.29246529999995,-18.961804299999983],[-48.292331599999955,-18.962326299999972],[-48.292372599999965,-18.962623699999938],[-48.29267239999996,-18.963104399999963],[-48.293584599999974,-18.964359399999978],[-48.29410619999993,-18.967245599999956],[-48.30075949999997,-18.967569399999945],[-48.30086529999994,-18.96725349999997],[-48.300842099999954,-18.966664699999967],[-48.300798499999985,-18.966353099999935],[-48.30062079999993,-18.965929099999983],[-48.30045329999996,-18.96558959999993],[-48.29984809999996,-18.964895599999977],[-48.298600499999964,-18.963489099999947],[-48.298134999999945,-18.962933799999973],[-48.297963599999946,-18.962657899999954],[-48.29786339999998,-18.962369199999955],[-48.29780549999998,-18.96203239999994],[-48.29780999999997,-18.961774999999932],[-48.297861299999965,-18.961384899999928],[-48.297874999999976,-18.961285499999974],[-48.298145499999976,-18.961314199999947],[-48.301417999999956,-18.961661799999945],[-48.30180869999998,-18.961661799999945],[-48.30211239999994,-18.96161419999993],[-48.304837599999985,-18.961032899999964],[-48.30508539999994,-18.95914149999993],[-48.30484719999998,-18.958860399999935],[-48.30447559999993,-18.958636399999932],[-48.304353799999944,-18.958594199999936],[-48.30453749999998,-18.95719689999993],[-48.30488889999998,-18.95719029999998],[-48.30511489999998,-18.957160199999976],[-48.30660339999997,-18.95632029999996],[-48.30663949999996,-18.956303699999978],[-48.30668229999998,-18.95630499999993],[-48.306908599999986,-18.95643179999996],[-48.30679639999994,-18.96111159999998],[-48.30667239999997,-18.967196999999942],[-48.30672359999994,-18.96764019999995],[-48.30733379999998,-18.970717399999955]]]},"properties":{"CD_SETOR":"317020605001872","UsoSolo":"Vazios urbanos ou outros usos"}},
{"type":"Feature","geometry":{"type":"Polygon","coordinates":[[[-48.28138319999994,-18.955753699999946],[-48.281802899999946,-18.955635099999938],[-48.28533199999998,-18.95469739999993],[-48.28808749999996,-18.95396519999997],[-48.28823449999993,-18.95394579999993],[-48.28826109999994,-18.954001499999947],[-48.288302699999974,-18.95407289999997],[-48.28839069999998,-18.954118799999947],[-48.28850639999996,-18.95412719999996],[-48.28871469999996,-18.954475299999956],[-48.28968219999996,-18.954808899999932],[-48.28942619999998,-18.955533899999978],[-48.290237299999944,-18.959100999999976],[-48.29022889999993,-18.95925939999995],[-48.28962219999994,-18.961783799999978],[-48.289525899999944,-18.96201929999995],[-48.28853869999995,-18.963416999999936],[-48.28851019999996,-18.963491199999964],[-48.28856289999993,-18.96360539999995],[-48.28974249999993,-18.96483749999993],[-48.29047379999997,-18.965757699999926],[-48.29044129999994,-18.96586949999994],[-48.290336099999934,-18.96596779999993],[-48.289287299999955,-18.966115999999943],[-48.289207999999974,-18.96709649999997],[-48.28795949999994,-18.966076099999952],[-48.28727189999995,-18.965582599999948],[-48.286375299999975,-18.965122599999972],[-48.28543469999994,-18.96475499999997],[-48.28429579999994,-18.964511999999957],[-48.28348489999996,-18.964423299999964],[-48.28278209999996,-18.96440679999995],[-48.282124599999975,-18.96448749999996],[-48.281100599999945,-18.96464969999994],[-48.27936049999994,-18.962577499999952],[-48.283691499999975,-18.961437199999978],[-48.283412699999985,-18.960860899999943],[-48.27892029999998,-18.962053099999935],[-48.27883239999994,-18.96194849999995],[-48.278200399999946,-18.96113749999995],[-48.277590499999974,-18.960363799999982],[-48.27717739999997,-18.95981919999997],[-48.27683799999994,-18.95937179999993],[-48.27692529999996,-18.95934969999996],[-48.27983429999995,-18.95861249999996],[-48.279827799999964,-18.956163599999968],[-48.279827599999976,-18.956069999999954],[-48.28014319999994,-18.956078099999957],[-48.28040429999993,-18.956034699999975],[-48.28138319999994,-18.955753699999946]],[[-48.28168379999994,-18.961195999999973],[-48.28246829999995,-18.96098369999993],[-48.28245709999993,-18.96096579999994],[-48.28151509999998,-18.95940589999998],[-48.28130679999998,-18.95945699999993],[-48.28040089999996,-18.959683299999938],[-48.279516899999976,-18.959916299999975],[-48.27841379999995,-18.960172599999964],[-48.27906419999994,-18.960949599999935],[-48.279065799999955,-18.96094919999996],[-48.279710499999965,-18.96170139999998],[-48.28013099999998,-18.96159979999993],[-48.28088319999995,-18.96140369999995],[-48.28168379999994,-18.961195999999973]]]},"properties":{"CD_SETOR":"317020605001873","UsoSolo":"Vazios urbanos ou outros usos"}},
{"type":"Feature","geometry":{"type":"Polygon","coordinates":[[[-48.27668399999993,-18.858839099999955],[-48.27656109999998,-18.85877869999996],[-48.27504369999997,-18.85789109999996],[-48.274419999999964,-18.85691939999998],[-48.27298509999997,-18.854325099999983],[-48.27428149999997,-18.853575999999975],[-48.27555429999995,-18.85289629999994],[-48.276301899999964,-18.85251949999997],[-48.27714979999996,-18.85210059999997],[-48.27829619999994,-18.851756699999953],[-48.27911979999993,-18.851687599999934],[-48.27960699999994,-18.85164659999998],[-48.27980659999997,-18.851507699999956],[-48.279991999999936,-18.85147059999997],[-48.280183499999964,-18.85147989999996],[-48.280588199999954,-18.851516999999944],[-48.28093419999993,-18.851569499999982],[-48.28120609999996,-18.851615799999934],[-48.28157369999997,-18.851723999999933],[-48.282302699999946,-18.85199579999994],[-48.28246029999997,-18.852100899999982],[-48.28259029999998,-18.85222609999994],[-48.28262399999994,-18.85240049999993],[-48.282465799999954,-18.852439999999945],[-48.282237899999984,-18.85244689999996],[-48.28206979999993,-18.852412799999968],[-48.28140069999995,-18.852153399999963],[-48.281017599999984,-18.85204829999998],[-48.28086159999998,-18.85214259999998],[-48.28069769999996,-18.852300499999956],[-48.28061329999997,-18.85260409999995],[-48.28035399999993,-18.85318469999993],[-48.27995729999998,-18.85379359999996],[-48.27668399999993,-18.858839099999955]]]},"properties":{"CD_SETOR":"317020605001878","UsoSolo":"Indústria"}},
{"type":"Feature","geometry":{"type":"Polygon","coordinates":[[[-48.19782219999996,-18.91796869999996],[-48.197217799999976,-18.916707499999973],[-48.19678829999998,-18.916058799999973],[-48.19900099999995,-18.914743699999974],[-48.19912109999996,-18.914752199999953],[-48.199992399999985,-18.915324099999964],[-48.20005569999995,-18.91536569999994],[-48.19782219999996,-18.91796869999996]]]},"properties":{"CD_SETOR":"317020605001899","UsoSolo":"Misto não residencial (OI)"}},
{"type":"Feature","geometry":{"type":"Polygon","coordinates":[[[-48.212805999999944,-18.901317699999936],[-48.21859789999996,-18.898160299999972],[-48.22030979999994,-18.89726969999998],[-48.222033599999975,-18.896314399999937],[-48.222551599999974,-18.894931799999938],[-48.223266799999976,-18.895152999999937],[-48.21847159999993,-18.900485499999945],[-48.21448379999998,-18.90474729999994],[-48.21369129999994,-18.90559429999996],[-48.213322999999946,-18.906030999999928],[-48.213234299999954,-18.905888999999945],[-48.21322189999995,-18.905817399999933],[-48.21325249999995,-18.90569019999998],[-48.21330259999996,-18.905624899999964],[-48.21308309999995,-18.90379459999997],[-48.212805999999944,-18.901317699999936]]]},"properties":{"CD_SETOR":"317020605001901","UsoSolo":"Vazios urbanos ou outros usos"}},
{"type":"Feature","geometry":{"type":"Polygon","coordinates":[[[-48.21448379999998,-18.90474729999994],[-48.21847159999993,-18.900485499999945],[-48.22033619999996,-18.90225339999995],[-48.22287669999997,-18.90466219999996],[-48.219906899999955,-18.907283699999937],[-48.219780199999946,-18.907221299999946],[-48.21963459999995,-18.907212899999934],[-48.219497899999965,-18.907235399999934],[-48.21937909999997,-18.907299999999964],[-48.21927809999994,-18.907384299999933],[-48.219203799999946,-18.907488299999955],[-48.21916519999996,-18.907628899999963],[-48.21916219999997,-18.907744099999945],[-48.21918729999993,-18.907857899999954],[-48.219276899999954,-18.90799089999996],[-48.21815019999997,-18.909180999999933],[-48.21707259999994,-18.91031909999998],[-48.21668439999996,-18.909866199999954],[-48.21584589999998,-18.907932999999957],[-48.21543529999997,-18.90697259999996],[-48.21448379999998,-18.90474729999994]]]},"properties":{"CD_SETOR":"317020605001902","UsoSolo":"Empreendimento de porte"}},
{"type":"Feature","geometry":{"type":"Polygon","coordinates":[[[-48.225729799999954,-18.901737199999957],[-48.22657269999996,-18.90099429999998],[-48.228621299999986,-18.899132599999973],[-48.23060119999997,-18.897817199999963],[-48.23403029999997,-18.895569199999954],[-48.23425839999993,-18.896158799999967],[-48.234848699999986,-18.895760699999983],[-48.235094199999935,-18.89605759999995],[-48.23536789999997,-18.89640899999995],[-48.23536479999996,-18.896472699999947],[-48.235190099999954,-18.900055899999927],[-48.23672669999996,-18.899036999999964],[-48.23712109999997,-18.899654899999973],[-48.237040099999945,-18.90174129999997],[-48.23702979999996,-18.902040799999952],[-48.23566809999994,-18.90284669999994],[-48.23200819999994,-18.905006499999956],[-48.23096119999997,-18.903288799999928],[-48.221204399999976,-18.90908079999997],[-48.220912699999985,-18.90971509999997],[-48.22045069999996,-18.908945699999947],[-48.220322299999964,-18.90873179999994],[-48.219881199999975,-18.907997099999932],[-48.21971959999996,-18.908091499999955],[-48.21962929999995,-18.90811109999993],[-48.21954249999993,-18.90812349999993],[-48.21940579999995,-18.908084199999962],[-48.21928099999997,-18.907997099999932],[-48.219276899999954,-18.90799089999996],[-48.21918729999993,-18.907857899999954],[-48.21916219999997,-18.907744099999945],[-48.21916519999996,-18.907628899999963],[-48.219203799999946,-18.907488299999955],[-48.21927809999994,-18.907384299999933],[-48.21937909999997,-18.907299999999964],[-48.219497899999965,-18.907235399999934],[-48.21963459999995,-18.907212899999934],[-48.219780199999946,-18.907221299999946],[-48.219906899999955,-18.907283699999937],[-48.22287669999997,-18.90466219999996],[-48.22483059999996,-18.902937399999928],[-48.22550929999994,-18.90206809999995],[-48.225729799999954,-18.901737199999957]]]},"properties":{"CD_SETOR":"317020605001978","UsoSolo":"Vazios urbanos ou outros usos"}},
{"type":"Feature","geometry":{"type":"Polygon","coordinates":[[[-48.25478309999994,-18.93589129999998],[-48.254724899999985,-18.935153699999944],[-48.25466209999996,-18.93436079999998],[-48.25433519999996,-18.934258399999976],[-48.25398689999997,-18.934233999999947],[-48.25364539999998,-18.934293499999967],[-48.253296499999976,-18.93434389999993],[-48.25297809999995,-18.93435839999995],[-48.252535199999954,-18.934362199999953],[-48.252007299999946,-18.93444999999997],[-48.251289199999974,-18.934641899999974],[-48.25109279999998,-18.93469099999993],[-48.25055619999995,-18.93491629999994],[-48.25016939999995,-18.934604599999943],[-48.25039179999993,-18.93429029999993],[-48.250545099999954,-18.934225199999958],[-48.25076739999997,-18.934175299999936],[-48.25149189999996,-18.93391939999998],[-48.25172079999993,-18.933879099999956],[-48.252430799999956,-18.933756099999982],[-48.25272419999993,-18.933666899999935],[-48.25299869999998,-18.93371589999998],[-48.253111599999954,-18.933713299999965],[-48.25320949999997,-18.93371099999996],[-48.25334179999993,-18.93364239999994],[-48.25342519999998,-18.933671799999956],[-48.25353299999995,-18.933657099999948],[-48.253542799999934,-18.933588499999928],[-48.25381669999996,-18.93351279999996],[-48.25393769999994,-18.93350689999994],[-48.25413099999997,-18.933475699999974],[-48.25424859999998,-18.933519799999942],[-48.254425099999935,-18.93348549999996],[-48.25469469999996,-18.933411999999976],[-48.254822099999956,-18.93343159999995],[-48.25498879999998,-18.933402199999932],[-48.25517009999993,-18.93341689999994],[-48.25526329999997,-18.93338259999996],[-48.25535149999996,-18.93341689999994],[-48.25558189999998,-18.933348299999977],[-48.25587959999996,-18.933393899999942],[-48.25605139999993,-18.93339949999995],[-48.25625149999996,-18.933397599999978],[-48.25651659999994,-18.933420699999942],[-48.25708099999997,-18.933240699999942],[-48.257969199999934,-18.933164999999974],[-48.25814799999995,-18.933095099999946],[-48.25851389999997,-18.933101199999953],[-48.25910099999993,-18.93306659999996],[-48.25937729999998,-18.93314719999995],[-48.25953889999994,-18.933170599999983],[-48.25968309999996,-18.93316569999996],[-48.25983219999995,-18.933175499999948],[-48.26000329999994,-18.933231699999965],[-48.26054009999996,-18.933492599999965],[-48.26101959999994,-18.933483999999964],[-48.26140809999998,-18.933584199999927],[-48.26146259999996,-18.93359829999997],[-48.261375499999986,-18.933884699999965],[-48.261315699999955,-18.93390249999993],[-48.26125479999996,-18.933939599999974],[-48.261204599999985,-18.93399489999996],[-48.26118239999994,-18.934044899999947],[-48.26117139999997,-18.934097299999962],[-48.261172999999985,-18.93415109999995],[-48.26118239999994,-18.93418319999995],[-48.26120079999998,-18.934227299999975],[-48.26122149999998,-18.934256499999947],[-48.261260799999945,-18.93431049999998],[-48.261303199999986,-18.934323199999938],[-48.26054799999997,-18.936437199999943],[-48.258079399999986,-18.935627599999975],[-48.25478309999994,-18.93589129999998]]]},"properties":{"CD_SETOR":"317020605002003","UsoSolo":"Vazios urbanos ou outros usos"}},
{"type":"Feature","geometry":{"type":"Polygon","coordinates":[[[-48.26054799999997,-18.936437199999943],[-48.26003689999993,-18.937867899999958],[-48.25994519999995,-18.937837099999967],[-48.25781349999994,-18.937192099999947],[-48.25495139999998,-18.937390599999958],[-48.25490159999998,-18.937393999999927],[-48.25478309999994,-18.93589129999998],[-48.258079399999986,-18.935627599999975],[-48.26054799999997,-18.936437199999943]]]},"properties":{"CD_SETOR":"317020605002004","UsoSolo":"Vazios urbanos ou outros usos"}},
{"type":"Feature","geometry":{"type":"Polygon","coordinates":[[[-48.235882799999956,-18.868698499999937],[-48.23633069999994,-18.868835199999978],[-48.23741809999996,-18.872121599999957],[-48.23824999999994,-18.87465169999996],[-48.23826649999995,-18.87469889999994],[-48.23827189999997,-18.87471439999996],[-48.238549999999975,-18.875509199999954],[-48.23857379999998,-18.87556539999997],[-48.23855889999993,-18.87560469999994],[-48.238544099999956,-18.875641299999927],[-48.23850679999998,-18.875680399999965],[-48.23846089999995,-18.875733999999966],[-48.23840439999998,-18.87578469999994],[-48.238356899999985,-18.875815599999953],[-48.238279699999964,-18.87585489999998],[-48.23804199999995,-18.87622879999998],[-48.23801519999995,-18.87659009999993],[-48.237934999999936,-18.87676719999996],[-48.23781029999998,-18.87709469999993],[-48.237732999999935,-18.87733359999993],[-48.23769439999995,-18.87741509999995],[-48.23761489999998,-18.877460799999938],[-48.23753829999998,-18.877503699999977],[-48.237341699999945,-18.877225499999952],[-48.23715949999996,-18.877097099999958],[-48.23721329999995,-18.87690749999996],[-48.237201099999936,-18.876755699999933],[-48.237000799999976,-18.87620949999996],[-48.23661849999996,-18.87500769999997],[-48.23626639999998,-18.873934899999938],[-48.235902299999964,-18.872916799999928],[-48.23581729999995,-18.872657299999958],[-48.236090399999966,-18.872305299999937],[-48.23626639999998,-18.872092899999927],[-48.23644249999995,-18.871631599999944],[-48.23651529999995,-18.87136449999997],[-48.23653349999995,-18.87095789999995],[-48.236600299999964,-18.870897199999945],[-48.23664269999995,-18.870897199999945],[-48.235882799999956,-18.868698499999937]]]},"properties":{"CD_SETOR":"317020605002066","UsoSolo":"Residencial"}},
{"type":"Feature","geometry":{"type":"Polygon","coordinates":[[[-48.30544169999996,-18.904377099999977],[-48.30700609999997,-18.90260509999996],[-48.30816179999994,-18.901129599999933],[-48.310149499999966,-18.89859199999995],[-48.31135539999997,-18.89699379999996],[-48.312729099999956,-18.89517319999993],[-48.31427679999996,-18.89559049999997],[-48.315184199999976,-18.895835099999942],[-48.31514499999997,-18.895912099999975],[-48.31497729999995,-18.896241699999962],[-48.314809399999945,-18.897081199999946],[-48.31472629999996,-18.898089399999947],[-48.31422169999996,-18.900733099999968],[-48.31387619999998,-18.901080199999967],[-48.313759999999945,-18.901530599999944],[-48.31397759999993,-18.901986499999964],[-48.31483039999995,-18.903587399999935],[-48.314473599999985,-18.903881299999966],[-48.31420929999996,-18.904053099999942],[-48.313967899999966,-18.904164699999967],[-48.31223399999993,-18.904569399999957],[-48.311388299999976,-18.904741799999954],[-48.31045689999996,-18.904985799999963],[-48.310375799999974,-18.905007099999978],[-48.31026589999993,-18.90503979999994],[-48.309729499999946,-18.90519969999997],[-48.30920149999997,-18.905863299999965],[-48.30859499999997,-18.90676229999997],[-48.30805269999996,-18.90745439999995],[-48.30766029999995,-18.907754099999977],[-48.30720359999998,-18.908018099999936],[-48.306358099999954,-18.90837849999997],[-48.30632479999997,-18.908419599999945],[-48.30610029999997,-18.90869689999994],[-48.305826699999955,-18.909226699999977],[-48.305920999999955,-18.909719799999948],[-48.30602689999995,-18.910034399999972],[-48.306080399999985,-18.910193299999946],[-48.30567019999995,-18.91029539999994],[-48.305421499999966,-18.910370399999977],[-48.30522869999999,-18.910408699999948],[-48.30489449999993,-18.90798659999996],[-48.30483869999995,-18.90728219999994],[-48.30484279999996,-18.90726419999993],[-48.30546999999996,-18.904486899999938],[-48.30544169999996,-18.904377099999977]]]},"properties":{"CD_SETOR":"317020605002071","UsoSolo":"Indústria"}},
{"type":"Feature","geometry":{"type":"Polygon","coordinates":[[[-48.205865899999935,-18.92064629999993],[-48.20886009999998,-18.91883619999993],[-48.21128779999998,-18.917368599999975],[-48.21326849999997,-18.91620299999994],[-48.21670029999996,-18.91412189999994],[-48.221727999999985,-18.911073099999953],[-48.22185669999993,-18.911265699999944],[-48.221999299999936,-18.911524199999974],[-48.22220129999994,-18.91186149999993],[-48.22256969999995,-18.912198799999942],[-48.22300939999997,-18.912356199999977],[-48.22355969999995,-18.912427299999933],[-48.22323669999997,-18.91450949999995],[-48.22269279999995,-18.917979499999944],[-48.222610299999985,-18.918778199999963],[-48.22241329999997,-18.919736799999953],[-48.222380699999974,-18.919963499999938],[-48.222006599999986,-18.92241619999993],[-48.22169679999996,-18.924460799999963],[-48.221577099999934,-18.925238699999966],[-48.22062079999995,-18.925053999999932],[-48.21758449999993,-18.92459159999993],[-48.21759819999994,-18.924500699999953],[-48.21760469999998,-18.92445779999997],[-48.21788499999997,-18.922602799999936],[-48.21467689999997,-18.920106399999952],[-48.213147299999946,-18.91887079999998],[-48.209297499999934,-18.921160499999928],[-48.206578899999954,-18.922788199999957],[-48.203734199999985,-18.922321099999976],[-48.203364299999976,-18.922260799999947],[-48.20319839999996,-18.922233799999958],[-48.20413079999997,-18.92167509999996],[-48.205865899999935,-18.92064629999993]]]},"properties":{"CD_SETOR":"317020605002074","UsoSolo":"Empreendimento de porte"}},
{"type":"Feature","geometry":{"type":"Polygon","coordinates":[[[-48.20068699999996,-18.915044299999977],[-48.200706699999955,-18.915076899999974],[-48.201522299999965,-18.91642719999993],[-48.20255079999998,-18.915796399999977],[-48.202626399999986,-18.915749999999946],[-48.20400749999993,-18.917833499999972],[-48.20536839999994,-18.919893299999956],[-48.20541429999997,-18.919962899999973],[-48.205757999999946,-18.920483099999956],[-48.205865899999935,-18.92064629999993],[-48.20413079999997,-18.92167509999996],[-48.20319839999996,-18.922233799999958],[-48.202395199999955,-18.92271409999995],[-48.202283199999954,-18.92256009999994],[-48.20216759999994,-18.922401199999968],[-48.201835899999935,-18.921945199999982],[-48.20134399999995,-18.921195499999953],[-48.20051269999993,-18.92169309999997],[-48.20026539999998,-18.921315799999945],[-48.199531399999955,-18.920195999999976],[-48.198026099999936,-18.92106069999994],[-48.197896699999944,-18.920804699999962],[-48.19788319999998,-18.92065649999995],[-48.197871299999974,-18.92052549999994],[-48.197847199999956,-18.920389799999953],[-48.197060799999974,-18.91895999999997],[-48.19741079999994,-18.918439599999942],[-48.19782219999996,-18.91796869999996],[-48.20005569999995,-18.91536569999994],[-48.20068699999996,-18.915044299999977]]]},"properties":{"CD_SETOR":"317020605002075","UsoSolo":"Vazios urbanos ou outros usos"}},
{"type":"Feature","geometry":{"type":"Polygon","coordinates":[[[-48.32888049999997,-18.925586299999964],[-48.32856429999998,-18.92542459999993],[-48.32841989999997,-18.925251499999945],[-48.32811449999997,-18.925050899999974],[-48.327977299999986,-18.924940799999945],[-48.327935099999934,-18.92490559999993],[-48.327809499999944,-18.924800999999945],[-48.32765969999997,-18.92470579999997],[-48.32746329999998,-18.924582999999927],[-48.32706439999998,-18.924111299999936],[-48.32640219999996,-18.923838599999954],[-48.325895799999955,-18.923410099999955],[-48.32581159999995,-18.923177599999974],[-48.32564139999994,-18.92306689999998],[-48.32546589999998,-18.922977799999956],[-48.325311599999964,-18.92298619999997],[-48.32517969999998,-18.923064199999942],[-48.32495749999998,-18.923029499999927],[-48.32461019999994,-18.922942699999965],[-48.32390899999996,-18.922592099999974],[-48.32348049999996,-18.922397299999943],[-48.323090899999954,-18.92192979999993],[-48.32298169999996,-18.921831899999972],[-48.322927799999945,-18.92178359999997],[-48.322836999999936,-18.921705499999973],[-48.32277929999998,-18.921657099999948],[-48.322662399999956,-18.921306499999957],[-48.32215599999995,-18.920916899999952],[-48.32180539999996,-18.92087799999996],[-48.32170679999996,-18.92082869999996],[-48.32177699999994,-18.920691199999965],[-48.322265699999946,-18.91973729999995],[-48.32247989999996,-18.919346299999972],[-48.32330479999996,-18.919144699999947],[-48.32565069999998,-18.917498199999955],[-48.326886799999954,-18.91663189999997],[-48.327950699999974,-18.91590489999993],[-48.32798799999995,-18.915942899999948],[-48.32886289999993,-18.916833699999927],[-48.328894299999945,-18.916865599999937],[-48.32706959999996,-18.917869499999938],[-48.32701389999994,-18.917909299999963],[-48.32536219999997,-18.91909069999997],[-48.324825799999985,-18.919496699999968],[-48.32370079999998,-18.920289099999934],[-48.32365379999993,-18.920396599999947],[-48.32360529999994,-18.92122269999993],[-48.32355839999997,-18.92125169999997],[-48.32366239999993,-18.921645699999942],[-48.32374639999995,-18.921863599999938],[-48.32403519999997,-18.922107799999935],[-48.32437129999994,-18.922288999999978],[-48.32491999999996,-18.922491099999945],[-48.32533749999993,-18.922559399999955],[-48.32569659999996,-18.92264169999993],[-48.32604119999996,-18.92279179999997],[-48.326453399999934,-18.923054299999933],[-48.32692229999998,-18.923405299999956],[-48.32732059999995,-18.923813199999927],[-48.327610499999935,-18.92410419999993],[-48.32809109999994,-18.924445999999932],[-48.328570999999954,-18.92470919999994],[-48.32897959999997,-18.924884899999938],[-48.32909019999994,-18.924915299999952],[-48.32943339999997,-18.92499719999995],[-48.32982199999998,-18.925049799999954],[-48.33017639999997,-18.925057599999946],[-48.33078539999997,-18.925014399999952],[-48.33137279999994,-18.92495269999995],[-48.331964899999946,-18.924899299999936],[-48.33237929999996,-18.924910599999976],[-48.33254999999997,-18.92492109999995],[-48.33305139999993,-18.925033999999982],[-48.33360019999998,-18.92521249999993],[-48.33381019999996,-18.92529389999993],[-48.33413059999998,-18.92534379999995],[-48.334309099999984,-18.925335899999936],[-48.33449489999998,-18.92529159999998],[-48.33452969999996,-18.925347899999963],[-48.33459629999993,-18.92589899999996],[-48.33449689999998,-18.92587949999995],[-48.33410209999994,-18.925801899999954],[-48.33403959999998,-18.925651399999936],[-48.333901899999944,-18.925603499999966],[-48.333780299999944,-18.925512699999956],[-48.333614599999976,-18.925459899999964],[-48.33344699999998,-18.925441899999953],[-48.33313569999996,-18.925370099999952],[-48.332890299999974,-18.925405999999953],[-48.33272869999996,-18.925381999999956],[-48.33251919999998,-18.92534009999997],[-48.33205829999997,-18.92535209999994],[-48.33182849999997,-18.92535639999994],[-48.33173499999998,-18.925358099999983],[-48.33143279999996,-18.92526229999993],[-48.33120229999997,-18.92526229999993],[-48.33102869999993,-18.925307199999963],[-48.33084919999993,-18.925370099999952],[-48.330702299999984,-18.92536679999995],[-48.330328399999985,-18.925447899999938],[-48.330178699999976,-18.92548979999998],[-48.33001109999998,-18.925513699999954],[-48.32984349999998,-18.92555559999994],[-48.32972339999998,-18.92563839999997],[-48.32914939999995,-18.925672499999962],[-48.32888049999997,-18.925586299999964]]]},"properties":{"CD_SETOR":"317020605002076","UsoSolo":"Área verde"}},
{"type":"Feature","geometry":{"type":"Polygon","coordinates":[[[-48.30679639999994,-18.96111159999998],[-48.30725959999995,-18.960401399999967],[-48.31100569999995,-18.960554299999956],[-48.311621499999944,-18.960579499999938],[-48.31157579999996,-18.962329499999953],[-48.311540599999944,-18.963945899999942],[-48.31158899999997,-18.964631899999972],[-48.31158839999995,-18.964653299999952],[-48.31158179999994,-18.964900599999964],[-48.311541699999964,-18.966394899999955],[-48.311540399999956,-18.966440199999965],[-48.31142659999995,-18.967705199999955],[-48.31201169999997,-18.967753499999958],[-48.31206199999997,-18.967757699999936],[-48.31211859999996,-18.96776239999997],[-48.31208829999997,-18.968175599999938],[-48.31330129999998,-18.96829249999996],[-48.31413329999998,-18.96834309999997],[-48.31426069999998,-18.968314199999952],[-48.314418599999954,-18.968203399999936],[-48.314484999999934,-18.96811639999993],[-48.314489899999955,-18.96805409999996],[-48.31450149999995,-18.967935299999965],[-48.31459169999994,-18.96703089999994],[-48.31461729999995,-18.966897899999935],[-48.314719099999934,-18.96665699999994],[-48.31482769999997,-18.966542299999958],[-48.316085999999984,-18.96664009999995],[-48.31679889999998,-18.96668429999994],[-48.31707719999997,-18.966688199999965],[-48.31738309999997,-18.96661819999997],[-48.317592299999944,-18.96651499999996],[-48.31782799999996,-18.966317999999944],[-48.32006219999994,-18.963679199999945],[-48.32054039999997,-18.962938299999962],[-48.321748699999944,-18.96101299999998],[-48.322843399999954,-18.95926849999995],[-48.32481229999996,-18.959627199999943],[-48.32341349999996,-18.960365999999965],[-48.32303159999998,-18.961486199999968],[-48.32277609999994,-18.962218899999982],[-48.321667899999966,-18.96387189999996],[-48.31946639999995,-18.966435899999965],[-48.31854759999993,-18.96794689999996],[-48.31838419999997,-18.968267399999945],[-48.31696789999995,-18.971045699999934],[-48.316299399999934,-18.970659699999942],[-48.31590209999996,-18.97056029999993],[-48.31551899999994,-18.97057449999994],[-48.31449379999998,-18.970290699999964],[-48.31432129999996,-18.970213299999955],[-48.31394039999998,-18.970042399999954],[-48.31360659999996,-18.96977009999995],[-48.31287569999995,-18.969894199999942],[-48.31044819999994,-18.96984939999993],[-48.30917849999997,-18.970135099999936],[-48.30742729999997,-18.97068779999995],[-48.30733379999998,-18.970717399999955],[-48.30672359999994,-18.96764019999995],[-48.30667239999997,-18.967196999999942],[-48.30679639999994,-18.96111159999998]]]},"properties":{"CD_SETOR":"317020605002079","UsoSolo":"Misto (lazer, area verd)"}},
{"type":"Feature","geometry":{"type":"Polygon","coordinates":[[[-48.32548949999995,-18.900048899999945],[-48.326062099999945,-18.900469999999927],[-48.32714499999997,-18.90120239999993],[-48.32810569999998,-18.901995399999976],[-48.328436099999976,-18.902290799999946],[-48.328655099999935,-18.902469399999973],[-48.32946739999994,-18.903521599999976],[-48.33019129999997,-18.904727899999955],[-48.33117629999998,-18.906375399999945],[-48.32796689999998,-18.90597239999994],[-48.32767769999998,-18.905519399999946],[-48.326993899999934,-18.904385899999966],[-48.32673529999994,-18.903985099999943],[-48.32569939999996,-18.90237959999996],[-48.32578829999994,-18.90237479999996],[-48.32586809999998,-18.902314899999965],[-48.32584809999997,-18.902041899999972],[-48.32570169999997,-18.901831499999957],[-48.32553829999995,-18.901740099999927],[-48.324789599999974,-18.900489299999947],[-48.325446399999976,-18.90001529999995],[-48.32548949999995,-18.900048899999945]]]},"properties":{"CD_SETOR":"317020605002081","UsoSolo":"Vazios urbanos ou outros usos"}},
{"type":"Feature","geometry":{"type":"Polygon","coordinates":[[[-48.26273279999998,-18.859956799999964],[-48.263039799999945,-18.859802699999932],[-48.26403129999994,-18.85919839999997],[-48.265544999999975,-18.85837669999995],[-48.268362399999944,-18.856844399999943],[-48.26905379999994,-18.85646429999997],[-48.27241559999993,-18.861651199999983],[-48.27195829999994,-18.862185499999953],[-48.271977799999945,-18.862232999999947],[-48.271776999999986,-18.862396599999954],[-48.26905819999996,-18.86522229999997],[-48.26898619999997,-18.86527609999996],[-48.26778409999997,-18.86336069999993],[-48.26749429999995,-18.862916199999972],[-48.26740019999994,-18.862884399999928],[-48.26734369999997,-18.862905599999976],[-48.266909099999964,-18.863337799999954],[-48.26674409999998,-18.863536599999975],[-48.26616629999995,-18.864247699999964],[-48.26570389999995,-18.86475029999997],[-48.26516419999996,-18.863729499999977],[-48.26437389999995,-18.862319599999978],[-48.262522899999965,-18.86298849999997],[-48.26121189999998,-18.863417199999958],[-48.261130399999956,-18.863298699999973],[-48.26099329999994,-18.863382499999943],[-48.26059029999993,-18.863655299999948],[-48.25964369999997,-18.863900399999977],[-48.25966219999998,-18.863968099999965],[-48.25893449999995,-18.864213999999947],[-48.259082199999966,-18.865316899999982],[-48.25708599999996,-18.866646499999945],[-48.254773599999965,-18.86820229999995],[-48.25470739999997,-18.868246899999974],[-48.25462179999994,-18.867891399999962],[-48.25455549999998,-18.867493999999965],[-48.254508199999975,-18.867235299999948],[-48.254454599999974,-18.866736899999978],[-48.25441669999998,-18.86622269999998],[-48.25438829999996,-18.865705399999968],[-48.25435679999998,-18.86516919999997],[-48.25432639999997,-18.864578999999935],[-48.25427789999998,-18.86358249999995],[-48.25415959999998,-18.86244849999997],[-48.254085499999974,-18.86159829999997],[-48.25406659999993,-18.861241899999982],[-48.25402559999998,-18.860475399999928],[-48.25399719999996,-18.859923299999934],[-48.25394669999997,-18.85897069999993],[-48.25392379999994,-18.858537599999977],[-48.25391479999996,-18.85837429999998],[-48.25447049999997,-18.858643299999983],[-48.254765099999986,-18.85876539999998],[-48.25528699999995,-18.859013699999934],[-48.25717709999998,-18.859886099999983],[-48.25833199999994,-18.86031959999997],[-48.259498399999984,-18.86050249999994],[-48.26055189999994,-18.86050259999996],[-48.261530499999935,-18.86035039999996],[-48.261836399999936,-18.860288699999955],[-48.262383299999954,-18.860099599999955],[-48.26273279999998,-18.859956799999964]]]},"properties":{"CD_SETOR":"317020605002086","UsoSolo":"Empreendimento de porte"}},
{"type":"Feature","geometry":{"type":"Polygon","coordinates":[[[-48.31497079999997,-18.88031179999996],[-48.314760399999955,-18.88037689999993],[-48.31465769999994,-18.880408699999975],[-48.314517499999965,-18.880452099999957],[-48.311540099999945,-18.881373199999928],[-48.31149659999994,-18.88130499999994],[-48.311353199999985,-18.881208499999957],[-48.31123069999995,-18.881199399999957],[-48.31116169999996,-18.881194299999947],[-48.31100509999993,-18.88131429999993],[-48.31093649999997,-18.881464799999947],[-48.309051299999965,-18.88012509999993],[-48.30456799999996,-18.87689649999993],[-48.29865129999996,-18.872652399999936],[-48.296002699999974,-18.87075249999998],[-48.29374309999997,-18.870009399999958],[-48.29261789999998,-18.86954099999997],[-48.29168149999998,-18.86890989999995],[-48.291362799999945,-18.868598899999938],[-48.29126899999994,-18.868361499999935],[-48.29121989999993,-18.86814789999994],[-48.29122479999995,-18.867934299999945],[-48.29140399999994,-18.86769659999993],[-48.29169979999995,-18.867267899999945],[-48.29232319999994,-18.866844799999967],[-48.29275039999993,-18.86653149999995],[-48.29305339999996,-18.86609199999998],[-48.29343609999995,-18.86467149999993],[-48.29355999999996,-18.863924699999927],[-48.29375529999993,-18.862748099999976],[-48.29395539999996,-18.861882999999978],[-48.29405929999996,-18.86159379999998],[-48.29422489999996,-18.861349599999983],[-48.294460699999945,-18.861256999999966],[-48.29466339999993,-18.86121339999994],[-48.29502219999995,-18.861447099999964],[-48.29565089999994,-18.861647199999936],[-48.29875869999995,-18.863880999999935],[-48.303195399999936,-18.86703549999993],[-48.30496849999997,-18.868296099999952],[-48.31034239999997,-18.87217339999995],[-48.31093699999997,-18.872617399999967],[-48.31144029999996,-18.873094299999934],[-48.311901499999976,-18.87365029999995],[-48.312189699999976,-18.87405499999994],[-48.31275939999995,-18.875284299999976],[-48.31424329999993,-18.878721199999973],[-48.31441159999997,-18.87908909999993],[-48.31449049999998,-18.879261499999927],[-48.31453079999994,-18.879349599999955],[-48.31497079999997,-18.88031179999996]]]},"properties":{"CD_SETOR":"317020605002087","UsoSolo":"Indústria"}},
{"type":"Feature","geometry":{"type":"Polygon","coordinates":[[[-48.28865559999997,-18.869250499999964],[-48.287485799999956,-18.867637099999968],[-48.28582389999997,-18.865344999999934],[-48.28574919999994,-18.86525469999998],[-48.28566489999997,-18.86515289999994],[-48.28498999999994,-18.864336999999978],[-48.28459609999993,-18.86397409999995],[-48.284266799999955,-18.863736999999958],[-48.28384659999995,-18.86356619999998],[-48.283011499999986,-18.863310299999966],[-48.28239929999995,-18.86326299999996],[-48.281805099999985,-18.86330799999996],[-48.28119899999996,-18.86345419999998],[-48.28061669999994,-18.863724099999956],[-48.27979669999996,-18.86418519999995],[-48.27724109999997,-18.86589399999997],[-48.27692069999995,-18.86610819999993],[-48.27479489999996,-18.867443699999967],[-48.27473679999997,-18.86748019999993],[-48.27400559999995,-18.866493399999968],[-48.27396109999995,-18.86636809999993],[-48.27394349999997,-18.866146799999967],[-48.27398569999997,-18.865890199999967],[-48.27406509999997,-18.865686299999936],[-48.27431969999998,-18.865342599999963],[-48.274584699999934,-18.864987199999973],[-48.274581299999966,-18.864864299999965],[-48.274519199999986,-18.864778899999976],[-48.27442649999995,-18.864661099999978],[-48.27321389999997,-18.865459099999953],[-48.272374499999955,-18.86603409999998],[-48.27171839999994,-18.86648349999996],[-48.272123499999964,-18.865851299999974],[-48.272783499999946,-18.86489009999997],[-48.27347169999996,-18.863818899999956],[-48.274009399999954,-18.862983499999928],[-48.27464189999995,-18.86200089999994],[-48.275896399999965,-18.86007129999996],[-48.27643939999996,-18.859247599999946],[-48.27668399999993,-18.858839099999955],[-48.27995729999998,-18.85379359999996],[-48.28035399999993,-18.85318469999993],[-48.28061329999997,-18.85260409999995],[-48.28069769999996,-18.852300499999956],[-48.28086159999998,-18.85214259999998],[-48.281017599999984,-18.85204829999998],[-48.28140069999995,-18.852153399999963],[-48.28206979999993,-18.852412799999968],[-48.282237899999984,-18.85244689999996],[-48.282465799999954,-18.852439999999945],[-48.28262399999994,-18.85240049999993],[-48.283037099999945,-18.85260089999997],[-48.28685559999997,-18.855348299999946],[-48.29318319999993,-18.85984469999994],[-48.293782799999974,-18.860054799999943],[-48.294425399999966,-18.860512599999936],[-48.295088799999974,-18.86098529999998],[-48.29530179999995,-18.861175799999955],[-48.29565089999994,-18.861647199999936],[-48.29502219999995,-18.861447099999964],[-48.29466339999993,-18.86121339999994],[-48.294460699999945,-18.861256999999966],[-48.29422489999996,-18.861349599999983],[-48.29405929999996,-18.86159379999998],[-48.29395539999996,-18.861882999999978],[-48.29375529999993,-18.862748099999976],[-48.29355999999996,-18.863924699999927],[-48.29343609999995,-18.86467149999993],[-48.29305339999996,-18.86609199999998],[-48.29275039999993,-18.86653149999995],[-48.29232319999994,-18.866844799999967],[-48.29169979999995,-18.867267899999945],[-48.29140399999994,-18.86769659999993],[-48.29122479999995,-18.867934299999945],[-48.29121989999993,-18.86814789999994],[-48.29126899999994,-18.868361499999935],[-48.291362799999945,-18.868598899999938],[-48.29125299999998,-18.86849179999996],[-48.291002299999946,-18.868322499999977],[-48.29074239999994,-18.86825589999995],[-48.290495299999975,-18.868213199999957],[-48.290434199999936,-18.868202699999927],[-48.29013489999994,-18.868295199999977],[-48.289968399999964,-18.868388899999957],[-48.28886109999996,-18.869110999999975],[-48.28865559999997,-18.869250499999964]]]},"properties":{"CD_SETOR":"317020605002088","UsoSolo":"Indústria"}},
{"type":"Feature","geometry":{"type":"Polygon","coordinates":[[[-48.28157369999997,-18.851723999999933],[-48.28191639999994,-18.85069429999993],[-48.282372099999975,-18.849964399999976],[-48.28271099999995,-18.849448799999948],[-48.29093629999994,-18.836954299999945],[-48.30046799999997,-18.842526299999975],[-48.30057849999997,-18.84259099999997],[-48.30683529999993,-18.846248599999967],[-48.30455059999997,-18.84966359999993],[-48.30441989999997,-18.849792899999954],[-48.304146499999945,-18.849939099999972],[-48.30323149999998,-18.851373099999932],[-48.30314099999998,-18.851462599999934],[-48.30244709999994,-18.852149099999963],[-48.30212629999994,-18.852857599999936],[-48.30213809999998,-18.85325119999993],[-48.30185289999997,-18.853987899999936],[-48.301698399999964,-18.854662599999926],[-48.30174599999998,-18.85529239999994],[-48.301543899999956,-18.855865999999935],[-48.301318099999946,-18.856428299999948],[-48.30136569999996,-18.856731899999943],[-48.30144889999997,-18.85712559999996],[-48.30132999999995,-18.857226799999978],[-48.30127059999995,-18.85744049999994],[-48.301341899999954,-18.857997099999977],[-48.30120499999998,-18.85796069999998],[-48.295860199999936,-18.856538499999942],[-48.29572079999997,-18.856501399999956],[-48.294754799999964,-18.859470099999953],[-48.29454029999994,-18.859897699999976],[-48.29439219999995,-18.86030029999995],[-48.294425399999966,-18.860512599999936],[-48.293782799999974,-18.860054799999943],[-48.29318319999993,-18.85984469999994],[-48.28685559999997,-18.855348299999946],[-48.283037099999945,-18.85260089999997],[-48.28262399999994,-18.85240049999993],[-48.28259029999998,-18.85222609999994],[-48.28246029999997,-18.852100899999982],[-48.282302699999946,-18.85199579999994],[-48.28157369999997,-18.851723999999933]]]},"properties":{"CD_SETOR":"317020605000958","UsoSolo":"Distrito Industrial"}}
]}